centroid_x,centroid_y,area_m2,height_m,height_developer_led,stakeholder
372688.483,148716.353,2251.400,14.000,22.949,developer
371055.109,147443.652,2148.400,12.000,11.679,unknown
371221.538,147338.455,13592.400,12.000,11.679,state
372703.740,148185.314,5935.600,12.000,11.679,unknown
372716.286,147810.678,2679.400,12.000,11.679,unknown
371782.522,147829.617,6629.300,12.000,11.679,state
371120.766,148800.961,18058.300,12.000,11.679,state
373223.767,149022.037,424.600,12.000,11.679,unknown
372699.044,148661.119,1829.600,14.000,22.949,developer
372641.406,148657.913,1988.400,14.000,22.949,developer
372295.212,148429.525,1428.000,12.000,11.679,unknown
370949.612,148206.265,5021.200,12.000,11.679,unknown
373181.215,147220.568,3007.900,14.000,12.191,informal
372884.361,147266.276,2432.300,14.000,12.191,informal
371873.527,147362.499,4002.900,14.000,12.191,informal
372837.936,148210.579,3252.900,12.000,11.679,unknown
372372.461,148966.292,2515.700,14.000,13.626,unknown
372619.951,148980.456,1570.600,10.500,10.219,unknown
372608.378,148928.493,2159.100,10.500,10.219,state
372045.554,147977.744,1634.800,14.000,13.626,unknown
371664.893,147469.434,3504.700,12.000,11.679,state
372198.987,147678.799,955.800,52.500,48.407,resident
372608.500,147897.538,1837.300,20.400,19.855,unknown
372367.302,146871.632,2139.200,24.500,23.845,unknown
373288.672,146745.266,3813.600,21.000,18.287,informal
371913.043,148801.215,1547.200,24.500,23.845,unknown
372610.290,147673.836,1312.400,12.000,11.679,unknown
373001.668,147565.276,2456.900,12.000,11.679,unknown
370697.851,148357.681,5263.000,14.000,13.626,unknown
371235.856,147527.473,8791.000,21.000,34.423,developer
371145.206,147570.031,2622.700,12.000,19.670,developer
372957.912,149011.902,6603.300,12.000,11.679,unknown
372916.838,148943.406,1938.700,12.000,11.679,unknown
372873.677,149030.861,688.500,12.000,11.679,unknown
373133.808,148949.208,4861.800,14.000,13.626,state
372951.190,148797.400,1641.600,12.000,11.679,unknown
372983.109,148674.873,1645.700,12.000,11.679,unknown
372967.336,148732.905,1569.100,12.000,11.679,unknown
373035.854,148746.649,1582.500,12.000,11.679,unknown
373050.918,148684.021,1610.500,12.000,11.679,unknown
373023.541,148652.803,163.600,12.000,11.679,unknown
373071.660,148631.884,978.300,12.000,11.679,unknown
372983.177,148620.393,1785.900,12.000,11.679,unknown
373036.156,148588.678,302.500,12.000,11.679,unknown
372338.667,147893.457,1277.500,12.000,11.064,resident
372333.633,147936.019,1722.600,42.000,38.726,resident
372144.218,147896.834,1215.100,66.500,61.316,resident
372292.189,147692.836,1216.000,42.000,38.726,resident
372358.256,147682.768,1262.200,42.000,38.726,resident
372100.963,147811.464,943.200,35.000,32.271,resident
372223.567,147813.531,1208.600,35.000,32.271,resident
372099.302,147846.433,1024.200,42.000,38.726,resident
372190.589,147846.021,1024.100,42.000,38.726,resident
372751.679,148868.267,939.900,0.000,3.000,resident
372668.954,148942.083,3136.100,17.500,17.032,unknown
372801.967,148800.646,1379.400,0.000,3.000,resident
372760.216,149032.366,923.000,0.000,3.000,resident
372776.330,148973.223,926.300,0.000,3.000,resident
372788.445,148739.318,1385.700,0.000,3.000,resident
372773.278,148918.243,837.200,14.000,12.909,resident
372703.197,148893.789,1132.000,14.000,12.909,resident
372718.133,148826.169,1296.900,0.000,3.000,resident
372545.221,148674.582,1794.700,35.000,32.271,resident
372442.866,148749.065,1121.600,12.000,11.064,resident
372431.110,148793.105,1651.200,31.500,29.044,resident
372597.078,148712.954,3257.400,10.500,10.219,unknown
372622.825,148864.770,1647.100,31.500,29.044,resident
372577.383,148756.378,1260.700,14.000,22.949,developer
372624.028,148816.722,1807.600,31.500,29.044,resident
372636.758,148746.321,898.500,3.500,5.737,developer
372434.687,148710.059,1118.000,45.500,41.953,resident
372404.937,148675.031,1631.900,31.500,29.044,resident
372229.083,148684.341,2122.900,17.500,17.032,unknown
372459.489,148853.364,1616.700,28.000,25.817,resident
372663.744,149033.168,2113.200,0.000,3.000,resident
372628.464,148569.232,1287.200,31.500,29.044,resident
372688.772,148599.514,1635.600,31.500,29.044,resident
372516.567,148606.220,1821.200,35.000,32.271,resident
372581.063,148616.022,1365.700,35.000,32.271,resident
372202.393,148858.996,1085.100,42.000,38.726,resident
372295.332,148827.433,1057.200,38.500,35.499,resident
372231.274,148759.889,778.400,14.000,12.909,resident
372258.889,148753.697,793.900,14.000,12.909,resident
372102.507,148774.670,425.700,14.000,12.909,resident
372365.579,148722.742,559.200,14.000,12.909,resident
372165.420,148756.942,958.500,45.500,41.953,resident
372173.102,148793.913,963.900,45.500,41.953,resident
372293.235,148749.461,910.300,45.500,41.953,resident
372245.261,148823.446,1097.000,38.500,35.499,resident
372375.308,148766.771,580.100,14.000,12.909,resident
372071.191,148982.090,944.100,10.500,10.219,unknown
371891.879,149012.425,1644.400,31.500,29.044,resident
371813.321,148955.472,1662.600,31.500,29.044,resident
371829.202,148851.747,1042.300,45.500,41.953,resident
371840.570,148767.266,693.100,14.000,12.909,resident
371836.424,148887.666,1024.300,45.500,41.953,resident
371935.264,148976.664,1279.300,42.000,38.726,resident
371927.523,148940.854,1289.800,42.000,38.726,resident
371820.440,148815.747,1039.200,45.500,41.953,resident
371994.045,148988.763,1508.900,31.500,29.044,resident
371844.679,148923.369,1110.100,45.500,41.953,resident
371770.950,148883.872,996.000,14.000,12.909,resident
371777.067,148799.931,1733.600,31.500,29.044,resident
372111.559,148857.768,976.100,45.500,41.953,resident
372049.005,148875.440,438.700,14.000,12.909,resident
372119.686,148952.784,917.100,45.500,41.953,resident
372234.431,148922.643,1184.800,38.500,35.499,resident
371958.887,148903.060,1695.700,31.500,29.044,resident
372181.731,148941.505,772.700,14.000,12.909,resident
372154.107,148948.113,797.800,14.000,12.909,resident
372128.020,148894.516,1163.300,42.000,38.726,resident
372254.362,148597.446,1255.800,31.500,29.044,resident
372326.840,148634.793,1837.500,31.500,29.044,resident
372260.189,148631.966,817.200,45.500,41.953,resident
371909.746,148864.763,72.900,7.000,6.813,unknown
371907.415,148752.857,109.100,7.000,6.813,unknown
371919.551,148857.021,169.300,7.000,6.813,unknown
371935.663,148850.667,627.400,7.000,6.813,unknown
371896.593,148858.656,245.900,7.000,6.813,unknown
372536.058,149048.049,819.200,14.000,12.909,resident
372140.476,149033.214,1635.400,28.000,25.817,resident
372722.106,148978.242,1164.500,14.000,12.909,resident
372407.208,147556.782,1505.400,42.000,38.726,resident
372182.909,147751.186,2450.800,17.500,17.032,unknown
372116.205,147783.019,846.600,35.000,32.271,resident
371555.671,148308.953,1253.900,35.000,32.271,resident
371755.225,148307.378,1253.900,35.000,32.271,resident
371900.435,147947.136,1247.700,56.000,51.634,resident
371957.775,148185.236,891.300,35.000,32.271,resident
371957.878,148150.749,942.600,35.000,32.271,resident
371555.989,148277.396,1253.800,35.000,32.271,resident
371854.332,148184.412,943.500,35.000,32.271,resident
371900.180,148088.700,1020.200,56.000,51.634,resident
371878.126,148048.286,851.500,56.000,51.634,resident
371655.127,148276.457,1254.000,35.000,32.271,resident
371855.549,148153.887,954.400,35.000,32.271,resident
371755.511,148275.081,1254.100,35.000,32.271,resident
371654.945,148308.315,1253.900,35.000,32.271,resident
371878.434,147990.754,1135.800,56.000,51.634,resident
371816.187,148375.619,2709.600,42.000,38.726,resident
371635.142,148355.082,3695.900,14.000,12.191,informal
371668.985,148396.200,1586.100,42.000,38.726,resident
372523.129,148949.152,629.800,73.500,67.770,resident
372467.911,148902.301,1148.700,38.500,35.499,resident
372516.077,148896.800,827.800,14.000,12.909,resident
372442.438,148942.902,1797.200,28.000,25.817,resident
372111.899,148814.320,629.600,0.000,3.000,resident
372058.506,148915.990,629.700,0.000,3.000,resident
371882.219,148678.295,629.700,0.000,3.000,resident
371836.397,148709.905,629.800,0.000,3.000,resident
371872.551,148750.523,629.600,0.000,3.000,resident
372203.504,148645.047,629.700,0.000,3.000,resident
372533.945,148997.057,629.700,73.500,67.770,resident
372454.510,149007.959,1258.500,38.500,35.499,resident
372489.857,148864.819,117.400,7.000,6.813,unknown
372319.537,149038.919,1801.400,35.000,32.271,resident
372347.157,148895.616,1001.700,0.000,3.000,resident
372315.121,148626.826,233.400,12.000,11.679,unknown
372270.480,148834.001,111.700,12.000,11.679,unknown
372208.293,148906.199,278.100,12.000,11.679,unknown
372520.427,148651.496,246.100,12.000,11.679,unknown
372238.845,149014.124,258.800,12.000,11.679,unknown
372629.567,148840.968,124.200,12.000,11.679,unknown
372609.632,148844.946,124.100,12.000,11.679,unknown
372110.276,147421.586,1503.500,10.500,10.219,state
372256.839,147781.199,1168.700,35.000,32.271,resident
372080.932,147327.633,1659.400,14.000,22.949,developer
371459.523,147994.287,1403.500,35.000,32.271,resident
371836.567,147673.357,1079.700,12.000,11.064,resident
371528.982,148143.831,1125.600,35.000,32.271,resident
372135.081,147736.574,886.200,105.000,96.814,resident
371887.728,147620.608,967.700,45.500,41.953,resident
371973.596,147622.377,920.200,45.500,41.953,resident
371975.217,147430.026,1742.900,14.000,22.949,developer
371801.654,147614.449,1219.700,45.500,41.953,resident
371579.544,147993.682,1403.100,35.000,32.271,resident
371909.443,147460.762,3191.400,14.000,22.949,developer
371489.885,148092.975,1125.300,35.000,32.271,resident
371930.110,147406.207,2709.500,14.000,22.949,developer
372319.805,147543.520,1518.400,14.000,22.949,developer
372255.357,147592.534,1304.200,42.000,38.726,resident
372249.897,147514.648,1480.400,42.000,38.726,resident
371583.825,147866.349,1534.500,12.000,11.679,state
371465.520,148043.010,1125.700,35.000,32.271,resident
372363.813,147496.072,841.100,42.000,38.726,resident
372291.317,147745.443,1133.900,35.000,32.271,resident
371598.896,148122.617,2378.700,17.500,17.032,unknown
371563.933,148047.198,833.900,35.000,32.271,resident
372044.640,147623.416,937.000,45.500,41.953,resident
372229.394,147729.257,891.300,105.000,96.814,resident
372308.758,147486.910,1490.800,14.000,22.949,developer
372289.010,147464.170,620.600,14.000,22.949,developer
371776.916,148173.695,1886.700,24.500,23.845,unknown
371631.297,148193.111,1460.400,70.000,64.543,resident
371423.205,147919.859,1357.200,56.000,51.634,resident
371573.525,147946.078,1267.100,56.000,51.634,resident
371472.367,147925.960,2369.100,7.000,6.813,state
371519.105,147917.022,1357.100,56.000,51.634,resident
372004.561,147969.785,1121.600,7.000,11.474,developer
371996.402,147924.632,879.700,14.000,22.949,developer
371947.442,148015.076,1302.300,14.000,22.949,developer
372014.879,148028.553,1994.700,14.000,22.949,developer
372063.295,148443.946,2042.300,12.000,11.679,unknown
372177.537,148445.127,3283.600,12.000,11.679,unknown
372095.024,148491.929,3285.500,24.500,23.845,unknown
373097.659,147769.914,2034.200,17.500,15.239,informal
373084.689,147998.623,659.700,87.500,80.679,resident
373053.779,147823.469,1363.800,0.000,3.000,resident
372551.233,148169.813,3816.300,12.000,11.679,state
373052.291,147541.496,1984.900,12.000,11.679,state
373055.379,147741.870,1675.000,0.000,3.000,resident
373071.489,147688.061,1284.900,0.000,3.000,resident
373050.894,147944.903,2781.700,10.500,9.144,informal
372947.972,148086.157,1270.600,56.000,51.634,resident
372860.028,148023.594,1058.300,42.000,38.726,resident
372719.025,148084.646,1435.700,42.000,38.726,resident
372949.580,148034.374,2494.100,10.500,9.144,informal
372990.445,147824.516,724.400,0.000,3.000,resident
372992.359,147771.154,724.500,0.000,3.000,resident
373004.470,147950.274,1107.000,42.000,38.726,resident
373041.021,148047.568,1270.600,56.000,51.634,resident
372945.780,147983.709,1058.500,42.000,38.726,resident
372845.903,148086.649,1270.600,56.000,51.634,resident
371637.196,148044.666,757.400,0.000,3.000,resident
371482.304,148346.942,718.000,56.000,51.634,resident
371650.590,148121.466,1869.600,0.000,3.000,resident
371524.978,148405.168,1662.600,42.000,38.726,resident
371403.643,147940.358,1497.000,12.000,11.679,unknown
371885.156,147731.703,801.300,77.000,70.997,resident
371525.846,148349.616,774.300,56.000,51.634,resident
371459.444,148282.890,1253.900,35.000,32.271,resident
371427.742,148244.073,1254.000,35.000,32.271,resident
371429.676,148210.149,1253.800,35.000,32.271,resident
371528.230,148169.449,1438.500,12.000,11.679,unknown
371793.686,148097.185,835.000,0.000,3.000,resident
371787.757,148044.713,833.400,0.000,3.000,resident
371754.370,148002.489,775.600,0.000,3.000,resident
371732.622,148056.542,1885.000,14.000,13.626,unknown
371711.836,148007.073,854.700,0.000,3.000,resident
371755.345,148113.364,861.600,0.000,3.000,resident
371809.708,147976.994,1054.100,0.000,3.000,resident
371907.876,148016.570,303.500,3.500,3.406,state
372289.166,148471.140,1083.700,12.000,11.679,state
371616.956,148470.572,2652.400,24.500,23.845,unknown
372321.698,148465.056,584.300,12.000,11.679,unknown
371764.875,148505.649,2450.100,24.500,23.845,unknown
371935.229,148264.151,942.200,12.000,19.670,developer
372151.809,148230.111,1303.400,0.000,3.000,resident
372306.511,148190.732,2156.300,0.000,3.000,resident
372129.813,148362.458,1433.500,42.000,38.726,resident
371964.936,148366.212,1640.700,42.000,38.726,resident
371953.889,148302.490,984.400,70.000,64.543,resident
372012.132,148307.044,989.400,70.000,64.543,resident
372179.419,148196.338,934.300,0.000,3.000,resident
372080.069,148285.342,1598.600,42.000,38.726,resident
372238.910,148163.134,934.500,0.000,3.000,resident
372161.466,148305.543,1576.600,42.000,38.726,resident
372318.003,148138.706,1983.100,0.000,3.000,resident
372410.094,147862.053,1902.400,42.000,38.726,resident
372353.625,147823.220,1483.400,12.000,11.679,unknown
372240.818,147964.633,4727.900,12.000,11.679,state
372469.648,147831.641,1204.400,0.000,3.000,resident
372499.213,147742.751,1407.700,38.500,35.499,resident
372580.651,147729.906,1725.000,12.000,11.679,state
372436.034,147752.947,1558.800,0.000,3.000,resident
372636.339,147704.451,1108.500,12.000,11.679,unknown
372664.001,147671.226,765.600,12.000,19.670,developer
372508.237,147794.760,989.500,35.000,32.271,resident
372545.742,147675.969,984.000,45.500,41.953,resident
372494.801,147676.767,1417.200,0.000,3.000,resident
372557.195,148252.600,1106.000,63.000,58.089,resident
372734.663,148270.608,532.100,87.500,80.679,resident
372631.150,148339.590,620.400,87.500,80.679,resident
372579.067,148435.907,534.000,87.500,80.679,resident
372713.492,148445.947,987.700,70.000,64.543,resident
372633.304,148443.419,537.600,87.500,80.679,resident
372778.209,148430.285,651.600,56.000,51.634,resident
372553.055,148343.733,1106.100,63.000,58.089,resident
372524.792,148415.395,548.000,87.500,80.679,resident
372732.557,148336.322,1535.800,70.000,64.543,resident
372677.762,148280.245,546.000,87.500,80.679,resident
372835.758,148429.924,601.600,56.000,51.634,resident
372543.401,148212.557,1300.200,7.000,11.474,developer
372479.637,148187.311,1069.800,7.000,11.474,developer
372975.219,148221.171,2334.600,24.500,40.160,developer
373018.520,148183.837,2864.100,10.500,17.211,developer
372928.001,148222.113,2530.100,24.500,40.160,developer
373125.518,148126.282,2136.500,21.000,34.423,developer
373157.534,148090.502,2032.800,10.500,17.211,developer
373077.844,148156.275,3092.200,17.500,28.686,developer
372873.353,147924.768,724.600,0.000,3.000,resident
372997.924,147667.746,724.400,0.000,3.000,resident
372931.452,147827.417,2086.200,17.500,15.239,informal
372869.129,147826.941,724.400,0.000,3.000,resident
372984.045,147719.539,1178.600,0.000,3.000,resident
372859.274,147977.329,1178.400,0.000,3.000,resident
372923.104,147766.277,1674.900,0.000,3.000,resident
372810.191,147891.766,1674.800,0.000,3.000,resident
372923.604,147875.363,1821.900,12.000,11.679,unknown
372711.174,147994.647,1246.500,38.500,35.499,resident
372679.733,148035.898,1223.500,38.500,35.499,resident
372713.647,148058.198,2268.500,7.000,6.096,informal
372557.926,148051.907,1624.600,38.500,35.499,resident
372562.936,148088.119,1848.300,7.000,6.096,informal
372473.356,147998.535,1816.700,38.500,35.499,resident
372441.353,148088.415,1816.600,38.500,35.499,resident
373325.110,147639.073,2644.300,12.000,19.670,developer
373329.834,147738.400,1943.000,12.000,19.670,developer
373331.628,147711.922,1671.500,12.000,19.670,developer
373224.274,147738.518,2569.400,12.000,19.670,developer
373313.114,147821.767,3098.400,12.000,19.670,developer
373224.480,147671.802,2074.700,12.000,19.670,developer
373224.264,147712.074,2108.300,12.000,19.670,developer
373186.669,147780.308,861.900,12.000,19.670,developer
373325.370,147671.531,1394.100,12.000,19.670,developer
373313.206,147784.898,2340.600,12.000,19.670,developer
373224.142,147638.885,3962.300,12.000,19.670,developer
373215.296,147818.789,3887.200,12.000,19.670,developer
373206.620,147532.467,2351.300,12.000,19.670,developer
373318.841,147532.711,1710.300,12.000,19.670,developer
373069.943,147583.911,1017.200,12.000,11.679,state
373105.625,147565.164,1549.900,12.000,11.679,state
373288.197,147580.887,3383.900,12.000,19.670,developer
372848.236,147712.403,1366.000,10.500,10.219,unknown
372818.710,147672.104,1445.000,38.500,35.499,resident
372797.111,147705.320,1670.600,12.000,10.450,informal
372788.463,147558.637,310.100,3.500,3.406,unknown
372896.462,147631.422,1180.400,12.000,11.679,unknown
372782.498,147622.832,1113.200,7.000,11.474,developer
372862.872,147539.588,1419.600,38.500,35.499,resident
372862.180,147584.150,1419.700,38.500,35.499,resident
372839.533,147629.574,4290.300,3.500,3.406,state
372694.169,147086.373,1146.800,31.500,29.044,resident
372797.794,147242.348,1293.400,0.000,3.000,resident
372705.645,147045.589,1728.600,12.000,11.064,resident
373014.467,147079.815,181.800,3.500,3.406,unknown
372971.558,147138.417,2038.800,0.000,3.000,resident
372786.407,147061.092,621.900,0.000,3.000,resident
372794.381,147154.102,714.000,14.000,12.909,resident
372767.084,147111.808,1001.200,31.500,29.044,resident
372989.428,147228.356,1288.900,45.500,41.953,resident
372850.602,147214.097,1153.500,0.000,3.000,resident
372923.794,147219.796,1068.900,0.000,3.000,resident
372798.948,147185.999,1122.600,0.000,3.000,resident
372867.202,147172.607,919.200,0.000,3.000,resident
372923.231,147158.898,1233.700,0.000,3.000,resident
372926.462,147441.601,1601.600,0.000,3.000,resident
372824.068,147363.706,1631.800,0.000,3.000,resident
372931.568,147350.103,1148.400,0.000,3.000,resident
372848.274,147435.729,1631.600,0.000,3.000,resident
373009.994,147159.759,2989.800,10.500,9.144,informal
372979.230,147275.280,1694.200,0.000,3.000,resident
372776.737,147291.668,1631.900,0.000,3.000,resident
372782.123,147023.539,974.000,10.000,9.733,state
372714.970,147135.927,1732.000,0.000,3.000,resident
372716.700,147204.587,1733.600,0.000,3.000,resident
372652.243,147174.737,1755.400,31.500,29.044,resident
372743.754,147249.961,276.600,12.000,11.679,state
372431.593,147279.153,5409.000,0.000,3.000,developer
372327.827,147263.683,9733.500,17.500,28.686,developer
372435.067,147384.566,3074.600,12.000,19.670,developer
372272.614,147364.984,3048.100,24.500,40.160,developer
372378.314,147381.958,2507.600,0.000,3.000,developer
372322.680,147376.764,1805.700,21.000,34.423,developer
372571.810,147518.479,1168.200,87.500,80.679,resident
372631.255,147573.768,1168.300,87.500,80.679,resident
372702.799,147542.645,1168.200,87.500,80.679,resident
372520.546,147565.582,1629.200,38.500,35.499,resident
372281.075,147532.253,1784.500,7.000,11.474,developer
372249.576,147455.312,463.900,3.500,3.406,unknown
372570.853,147573.008,2559.500,14.000,12.191,informal
372632.485,147619.592,1937.300,38.500,35.499,resident
371505.262,147610.753,2130.600,10.500,10.219,state
371542.724,147548.843,288.800,12.000,11.679,unknown
371570.986,147612.720,2785.400,21.000,20.439,unknown
371353.194,147561.475,1072.000,38.500,35.499,resident
371369.861,147465.075,1072.100,38.500,35.499,resident
371453.364,147463.885,1071.900,38.500,35.499,resident
371577.638,147537.912,5021.000,17.500,15.239,informal
371529.820,147382.448,3244.100,17.500,17.032,unknown
371526.732,147322.269,1096.200,63.000,58.089,resident
371560.141,147299.497,3447.600,38.500,35.499,resident
371630.912,147395.949,858.000,0.000,3.000,resident
371384.254,147681.214,1291.300,0.000,3.000,resident
371401.765,147634.533,1291.300,0.000,3.000,resident
371513.676,147675.345,1095.100,0.000,3.000,resident
371589.666,147675.261,1105.200,0.000,3.000,resident
371662.742,147549.314,778.500,140.000,129.086,resident
371631.297,147610.696,778.500,140.000,129.086,resident
371601.835,147495.212,778.500,140.000,129.086,resident
371511.007,147536.948,867.100,140.000,129.086,resident
371579.439,147344.758,778.700,0.000,3.000,resident
371529.283,147447.045,594.900,0.000,3.000,resident
371522.643,147476.367,256.400,12.000,11.679,unknown
371665.407,147730.220,711.300,12.000,11.679,unknown
371991.573,147731.748,801.300,77.000,70.997,resident
371707.811,147733.962,289.100,12.000,11.679,unknown
371777.804,147730.418,801.400,77.000,70.997,resident
371886.808,147731.326,5589.200,7.000,11.474,developer
371670.397,147789.184,2151.800,12.000,11.679,unknown
371761.219,147669.646,2153.800,17.500,17.032,unknown
371982.124,147671.837,2030.900,17.500,17.032,unknown
372105.582,147632.062,524.400,0.000,3.000,resident
371880.486,147685.403,1392.200,35.000,32.271,resident
371930.290,147656.154,541.600,87.500,80.679,resident
371797.079,147672.670,1308.700,35.000,32.271,resident
371700.927,147674.267,631.300,0.000,3.000,resident
371727.777,147627.886,593.200,0.000,3.000,resident
371942.242,147695.782,502.900,87.500,80.679,resident
372066.033,147658.778,686.200,0.000,3.000,resident
372031.654,147693.953,683.300,0.000,3.000,resident
371901.809,147574.764,2510.800,24.500,22.590,resident
371964.010,147547.011,1697.200,0.000,3.000,resident
371840.995,147547.833,1611.300,0.000,3.000,resident
371793.281,147580.762,269.100,3.500,3.406,unknown
372027.424,147552.075,1592.100,0.000,3.000,unknown
371901.208,147545.768,879.600,0.000,3.000,resident
372042.603,147528.926,366.000,3.500,3.406,unknown
371777.790,147549.410,1593.000,0.000,3.000,resident
372142.211,147574.439,1884.800,12.000,11.679,state
372095.237,147571.048,1659.100,12.000,11.679,state
372172.565,147243.091,414.700,87.500,80.679,resident
372202.840,147209.430,414.700,87.500,80.679,resident
372200.119,147288.798,1032.000,0.000,3.000,state
372166.911,147477.615,1385.000,10.500,17.211,developer
372166.679,147433.597,1289.700,7.000,11.474,developer
372110.388,147215.767,2995.200,12.000,19.670,developer
372068.240,147464.897,414.700,87.500,80.679,resident
371761.880,147294.992,13167.400,0.000,3.000,developer
372020.927,147319.006,950.300,14.000,22.949,developer
372057.174,147335.299,1261.400,14.000,22.949,developer
371777.676,147376.879,1786.200,12.000,19.670,developer
371727.393,147363.073,1438.900,12.000,19.670,developer
371730.498,147409.231,414.800,87.500,80.679,resident
371987.689,147255.626,1442.600,12.000,11.679,unknown
371894.143,147260.183,9588.300,0.000,3.000,developer
371990.297,147183.129,980.600,0.000,3.000,developer
371569.188,147118.509,1468.100,42.000,38.726,resident
371511.779,147196.054,1533.100,42.000,38.726,resident
371507.146,147139.180,1075.400,42.000,38.726,resident
371497.025,147059.491,2183.800,10.500,10.219,unknown
371505.288,147091.497,1007.700,42.000,38.726,resident
371401.949,147260.108,1264.700,42.000,38.726,resident
371247.110,147227.176,1252.000,42.000,38.726,resident
371330.271,147241.038,1278.700,42.000,38.726,resident
371244.165,147182.443,1696.800,42.000,38.726,resident
371252.913,147148.063,1030.200,17.500,16.136,resident
371159.374,147107.818,1335.500,42.000,38.726,resident
371196.092,147121.359,2050.100,12.000,11.064,resident
371226.366,147038.187,2097.100,42.000,38.726,resident
371218.582,147065.754,1349.400,21.000,19.363,resident
371287.274,147074.464,589.900,87.500,80.679,resident
371395.086,147396.760,961.600,12.000,11.064,resident
371463.816,147397.823,856.500,12.000,11.064,resident
371016.262,147173.844,692.300,140.000,136.257,unknown
371103.859,147194.405,464.300,140.000,136.257,unknown
371137.925,147218.264,506.500,140.000,136.257,unknown
371063.267,147173.970,724.500,140.000,136.257,unknown
371397.872,147101.772,1453.200,105.000,96.814,resident
371353.044,147102.278,1418.100,105.000,96.814,resident
371566.503,147777.728,756.900,147.000,135.540,resident
371480.056,147776.062,3818.900,24.500,23.845,unknown
372513.030,148741.345,870.000,56.000,51.634,resident
371667.591,148221.317,139.800,3.500,3.406,state
371769.750,148213.823,171.800,3.500,3.406,state
371095.242,148975.568,3690.500,17.500,28.686,developer
372999.926,146891.534,2516.800,24.500,40.160,developer
372386.045,147699.547,1089.100,3.500,5.737,developer
371665.520,148503.790,404.100,12.000,11.679,unknown
371174.777,148991.747,1124.300,17.500,28.686,developer
371198.863,148959.638,2473.900,7.000,11.474,developer
370710.624,148938.834,484.400,12.000,11.679,unknown
370806.409,149040.662,1736.800,12.000,11.679,unknown
370796.571,148426.890,3309.400,21.000,20.439,unknown
370761.538,149029.635,791.600,12.000,19.670,developer
370720.277,147967.332,662.000,12.000,11.679,unknown
371029.602,148214.300,884.700,12.000,11.679,unknown
371748.056,147159.256,201.200,12.000,11.679,unknown
371925.176,147130.744,295.000,12.000,11.679,unknown
371019.296,148296.540,2137.300,12.000,11.679,unknown
371063.966,148300.048,259.100,12.000,11.679,unknown
371105.494,148304.628,1012.600,12.000,11.679,unknown
371071.287,148365.370,3192.200,14.000,13.626,unknown
370726.067,148305.349,122.200,12.000,11.679,unknown
370932.013,147846.065,391.500,12.000,11.679,state
370928.828,147893.216,411.400,3.500,3.406,unknown
370946.922,149011.030,598.100,12.000,11.679,state
370881.831,147831.224,793.300,12.000,11.679,state
371694.839,147136.559,526.700,3.500,3.406,unknown
371079.075,148845.470,1973.800,12.000,11.679,state
371461.976,148962.449,1694.800,14.000,13.626,state
371164.364,146715.537,860.300,119.000,109.723,resident
370802.791,146698.868,192.700,10.500,9.681,resident
370784.523,146704.476,177.700,7.000,6.454,resident
370814.674,146700.246,227.700,10.500,9.681,resident
370836.293,146703.898,404.300,7.000,6.454,resident
370978.807,147101.122,526.500,3.500,3.406,unknown
370944.909,147129.316,526.500,3.500,3.406,unknown
370922.161,147101.941,167.100,12.000,11.679,unknown
370981.412,147143.126,513.600,3.500,3.406,unknown
370962.239,147114.631,526.700,3.500,3.406,unknown
371771.709,146702.301,1182.000,52.500,86.057,developer
371445.052,146747.563,578.500,87.500,80.679,resident
371415.082,146799.746,588.400,87.500,80.679,resident
371483.606,146809.893,586.100,87.500,80.679,resident
371407.432,146861.335,705.400,14.000,12.909,resident
371462.378,146894.005,1836.000,31.500,29.044,resident
371652.557,146712.837,2275.500,70.000,114.743,developer
371660.205,146807.769,877.800,14.000,13.626,state
371207.103,146824.589,1388.200,91.000,83.906,resident
371312.572,146881.300,575.300,115.500,106.496,resident
371216.115,146874.277,1336.000,91.000,83.906,resident
371876.498,146700.521,2195.400,24.500,40.160,developer
372088.492,146784.393,743.300,77.000,70.997,resident
371980.134,146700.784,487.600,70.000,64.543,resident
371310.584,146809.472,576.800,112.000,103.269,resident
371939.211,146766.425,939.900,87.500,80.679,resident
371745.800,146826.907,893.600,7.000,6.813,state
371518.252,146729.163,617.300,66.500,61.316,resident
371910.963,146917.073,2807.700,12.000,11.679,state
371402.885,146698.912,155.200,10.500,9.681,resident
371134.962,146790.233,706.400,87.500,80.679,resident
371792.957,146773.585,887.000,105.000,96.814,resident
371357.989,146795.871,250.200,63.000,58.089,resident
371236.553,146760.879,355.300,56.000,51.634,resident
371600.849,146695.096,881.500,45.500,44.284,unknown
371800.939,146731.295,483.700,12.000,11.679,state
372047.833,146722.939,314.800,35.000,32.271,resident
371560.699,146721.873,1173.800,45.500,41.953,resident
371298.571,146708.752,316.900,31.500,29.044,resident
371718.910,146861.688,864.800,12.000,11.679,state
372046.973,146758.841,629.700,63.000,58.089,resident
371355.267,146828.265,279.700,42.000,38.726,resident
372018.811,146846.482,548.400,7.000,6.813,unknown
371360.342,146728.409,426.000,21.000,19.363,resident
371320.563,146710.891,150.800,12.000,11.064,resident
371851.782,146783.085,668.000,70.000,64.543,resident
372029.650,146700.805,283.700,49.000,45.180,resident
371358.464,146764.968,182.000,56.000,51.634,resident
371318.128,146739.544,406.400,77.000,70.997,resident
371876.059,146833.182,465.300,70.000,64.543,resident
371975.075,146860.140,544.300,122.500,112.950,resident
371819.181,146815.769,448.000,63.000,58.089,resident
371983.870,146800.188,544.300,122.500,112.950,resident
372145.472,146898.541,1154.100,59.500,54.861,resident
372233.406,146854.209,2370.500,42.000,38.726,resident
372381.430,146749.272,934.600,87.500,80.679,resident
372435.825,146801.308,933.800,87.500,80.679,resident
372493.287,146861.670,1895.400,31.500,29.044,resident
372588.004,146860.847,1727.700,35.000,32.271,resident
372615.800,146796.992,1284.700,45.500,41.953,resident
372674.575,146837.321,1618.000,31.500,29.044,resident
370918.834,147197.755,1599.600,12.000,11.679,state
371071.590,147309.417,495.500,12.000,11.679,unknown
371285.314,147257.034,56.700,12.000,11.679,unknown
371065.523,147477.284,694.100,12.000,11.679,unknown
371089.886,147341.242,703.200,12.000,11.679,unknown
371019.512,147252.192,1165.400,12.000,11.679,state
371097.353,147394.262,1070.000,12.000,11.679,unknown
371131.237,147433.121,930.200,12.000,11.679,unknown
372162.429,146781.509,355.500,28.000,25.817,resident
372190.797,146777.086,93.700,12.000,10.450,informal
372231.866,146746.701,629.400,56.000,51.634,resident
372202.405,146713.272,1079.700,12.000,11.679,state
372136.962,146722.407,271.300,3.500,3.227,resident
372148.099,146749.257,362.500,28.000,25.817,resident
373322.329,148882.101,153.900,12.000,11.064,resident
373325.430,148863.206,149.500,12.000,11.064,resident
373302.888,148862.727,177.600,12.000,11.064,resident
373299.506,148893.954,424.200,12.000,11.679,unknown
373321.338,148903.033,304.100,12.000,11.679,unknown
373357.268,148932.828,302.900,12.000,11.064,resident
373359.839,148914.204,156.700,12.000,11.064,resident
373363.473,148899.997,168.700,12.000,11.064,resident
373364.731,148885.163,152.700,12.000,11.064,resident
373367.904,148869.454,159.900,12.000,11.064,resident
373371.093,148856.038,177.900,12.000,11.064,resident
373371.874,148841.002,192.900,12.000,11.064,resident
373377.125,148827.263,223.200,12.000,11.679,unknown
373379.339,148811.910,184.500,12.000,11.679,unknown
373336.780,148817.133,246.900,12.000,11.679,unknown
373383.268,148798.566,194.600,12.000,11.679,unknown
373384.352,148784.456,160.600,12.000,11.679,unknown
373386.321,148770.835,159.100,12.000,11.679,unknown
373375.386,148955.472,233.200,12.000,11.064,resident
373379.280,148936.243,292.100,12.000,11.064,resident
373381.169,148918.719,195.800,12.000,11.064,resident
373384.296,148903.810,184.600,12.000,11.064,resident
373386.613,148888.179,149.800,12.000,11.064,resident
373388.190,148874.939,181.500,12.000,11.064,resident
373391.243,148860.301,162.200,12.000,11.064,resident
373393.681,148846.062,161.400,12.000,11.679,unknown
373403.473,148802.208,159.100,12.000,11.679,unknown
373397.915,148831.001,142.300,12.000,11.679,unknown
373402.011,148816.452,209.400,12.000,11.679,unknown
373388.950,148755.943,169.700,12.000,11.679,unknown
373290.377,148818.869,226.200,12.000,11.064,resident
373310.094,148802.857,224.400,12.000,11.064,resident
373304.320,148820.692,186.700,12.000,11.064,resident
373317.278,148823.953,196.700,12.000,11.064,resident
373313.970,148766.260,435.800,12.000,11.064,resident
373311.005,148788.653,178.500,12.000,11.064,resident
373324.557,148741.565,472.700,12.000,11.064,resident
373351.832,148741.494,363.000,12.000,11.679,unknown
373321.393,148714.231,435.200,12.000,11.064,resident
372060.509,148731.001,143.600,12.000,11.679,unknown
372092.424,148658.735,7554.100,12.000,11.679,state
372694.020,147853.766,2911.000,12.000,11.679,state
372285.580,148327.946,8858.300,12.000,11.679,unknown
372781.110,147986.970,458.700,12.000,11.679,unknown
370979.426,147048.593,12.400,12.000,11.679,unknown
370984.737,147042.846,63.800,12.000,11.679,unknown
371174.879,148315.933,961.200,12.000,11.064,resident
370812.103,148331.056,1724.600,12.000,11.679,unknown
371920.710,147233.801,1523.400,0.000,3.000,developer
371874.423,147227.955,1708.400,0.000,3.000,developer
372935.117,147093.527,1321.400,12.000,11.679,state
371978.133,147369.281,2627.100,0.000,3.000,developer
372873.093,147323.491,1093.700,0.000,3.000,resident
372919.233,147014.064,151.300,12.000,11.679,state
372874.414,147086.590,444.400,10.000,9.733,state
372871.125,147045.347,695.200,10.000,9.733,state
372887.668,147083.340,92.600,5.000,4.866,state
372843.346,147070.069,157.500,12.000,11.679,state
372893.118,147067.213,131.400,12.000,11.679,state
372904.086,147052.234,131.500,12.000,11.679,state
372900.875,147040.221,289.600,10.000,9.733,state
372906.062,147063.564,226.600,12.000,11.679,state
372842.170,147050.328,263.200,10.000,9.733,state
372851.694,147098.842,627.900,12.000,11.679,state
372904.191,147085.386,744.500,12.000,11.679,state
372865.476,147018.349,482.500,3.500,3.406,state
372820.037,147027.874,304.600,3.500,3.406,state
371989.607,147219.256,1322.600,14.000,22.949,developer
372040.804,147254.389,1223.400,14.000,22.949,developer
371881.919,147321.489,2380.400,31.500,51.634,developer
371848.929,148293.421,980.900,12.000,11.679,unknown
371856.581,148266.274,598.100,12.000,11.679,unknown
371675.454,147900.925,802.000,136.500,125.858,resident
371699.563,147929.037,810.100,136.500,125.858,resident
371673.115,147854.693,766.000,136.500,125.858,resident
371457.719,148774.102,626.200,12.000,11.679,unknown
372682.959,146708.061,955.700,45.500,41.953,resident
372714.590,146683.579,1004.300,45.500,41.953,resident
373105.579,146821.488,1074.400,77.000,70.997,resident
373164.688,146840.263,1026.300,77.000,70.997,resident
373179.594,146793.472,552.100,98.000,90.360,resident
373155.275,146768.756,552.100,98.000,90.360,resident
373112.829,146764.627,1932.800,17.500,15.239,informal
373165.028,146692.572,1697.000,35.000,32.271,resident
372922.602,146701.909,964.700,35.000,32.271,resident
372891.945,146875.709,439.500,12.000,11.064,resident
372902.044,146810.427,487.900,12.000,11.679,unknown
372856.774,146853.404,364.200,12.000,11.679,unknown
372851.816,146809.537,418.700,12.000,11.679,unknown
372846.467,146709.788,458.800,12.000,11.064,resident
372803.520,146833.971,424.600,12.000,11.064,resident
372826.694,146758.912,454.100,12.000,11.064,resident
372852.133,146825.740,379.700,7.000,6.454,resident
372729.240,146782.759,323.400,7.000,6.454,resident
372801.015,146818.130,433.800,12.000,11.064,resident
372829.417,146774.545,433.100,12.000,11.064,resident
372813.887,146861.091,395.600,7.000,6.454,resident
372797.581,146770.871,336.500,12.000,11.064,resident
372899.653,146826.408,419.500,12.000,11.679,unknown
372713.636,146785.613,338.300,7.000,6.454,resident
372863.812,146748.269,215.700,7.000,6.454,resident
372946.136,146835.956,346.600,7.000,6.454,resident
372870.169,146762.227,200.400,7.000,6.454,resident
372933.116,146872.660,344.700,12.000,11.679,unknown
372833.891,146719.630,438.100,12.000,11.064,resident
372752.373,146778.937,321.600,7.000,6.454,resident
372758.694,146841.799,587.800,7.000,6.454,resident
372781.069,146692.529,410.800,7.000,6.454,resident
372768.345,146775.980,322.900,7.000,6.454,resident
372751.188,146735.178,314.400,7.000,6.454,resident
372790.342,146704.580,410.800,7.000,6.454,resident
372740.028,146724.631,363.300,7.000,6.454,resident
372737.708,146844.401,460.800,3.500,3.227,resident
372113.326,146718.250,133.200,3.500,3.227,resident
372324.848,146689.856,476.300,12.000,11.679,state
372238.112,146693.626,1316.100,12.000,11.679,unknown
372268.245,146727.760,757.200,7.000,6.813,unknown
370972.120,147547.257,720.000,12.000,11.679,unknown
371010.699,147394.023,178.900,12.000,11.679,unknown
371086.731,148271.645,109.900,12.000,11.679,unknown
371077.873,148269.725,109.900,12.000,11.679,unknown
371069.016,148267.806,109.900,12.000,11.679,unknown
371060.158,148265.886,109.900,12.000,11.679,unknown
371051.294,148263.967,110.000,12.000,11.679,unknown
371042.432,148262.051,109.800,12.000,11.679,unknown
371104.909,148139.096,345.600,12.000,11.679,unknown
371142.110,148161.561,380.900,12.000,11.679,unknown
371122.990,148150.512,348.600,12.000,11.679,unknown
371173.232,148180.287,304.500,12.000,11.679,unknown
371193.207,148190.946,335.100,12.000,11.679,unknown
371019.854,148166.861,94.300,12.000,11.679,unknown
371033.539,148169.717,156.100,12.000,11.679,unknown
371050.617,148172.949,159.400,12.000,11.679,unknown
371063.191,148174.590,68.600,12.000,11.679,unknown
371071.893,148176.208,83.500,12.000,11.679,unknown
371085.848,148180.416,156.500,12.000,11.679,unknown
371101.933,148182.847,75.200,12.000,11.679,unknown
371114.611,148190.609,84.100,12.000,11.679,unknown
371122.354,148202.770,165.000,12.000,11.679,unknown
371132.602,148217.496,195.100,12.000,11.679,unknown
371141.088,148229.957,80.700,12.000,11.679,unknown
371146.387,148271.628,87.100,12.000,11.679,unknown
371147.401,148247.377,76.900,12.000,11.679,unknown
371146.866,148259.245,158.500,12.000,11.679,unknown
371213.172,148240.936,303.500,12.000,11.679,unknown
371206.758,148283.286,311.100,12.000,11.679,unknown
371203.885,148261.055,334.600,12.000,11.679,unknown
371216.560,148201.943,342.000,12.000,11.679,unknown
370718.776,148286.854,134.600,12.000,11.679,unknown
370741.831,148213.270,1812.100,12.000,11.064,resident
370807.577,148262.725,1645.800,12.000,11.064,resident
370958.752,148343.854,702.400,63.000,58.089,resident
370914.125,148396.527,894.400,63.000,58.089,resident
371158.279,148450.239,213.100,12.000,11.679,unknown
371116.807,148442.252,693.700,12.000,11.064,resident
371042.924,148476.881,883.000,63.000,58.089,resident
370986.949,148430.073,770.400,63.000,58.089,resident
371027.157,148948.492,202.300,12.000,11.679,unknown
371488.627,148904.269,1161.000,7.000,6.813,state
371485.536,148846.463,1649.700,14.000,13.626,state
371374.800,148910.449,1087.500,12.000,11.064,resident
371321.641,148728.510,1025.800,12.000,11.679,unknown
371363.023,148699.152,513.100,12.000,11.679,unknown
373341.946,148775.193,219.200,12.000,11.679,unknown
373338.155,148794.552,202.800,12.000,11.679,unknown
373376.606,148620.678,369.300,12.000,11.064,resident
373390.151,148667.984,233.900,12.000,11.679,unknown
373340.464,148618.301,346.700,12.000,11.064,resident
373361.621,148700.591,319.300,12.000,11.679,unknown
373325.408,148684.282,197.600,12.000,11.064,resident
373363.944,148675.070,265.300,12.000,11.679,unknown
373270.072,148705.547,303.700,12.000,11.064,resident
373340.857,149000.093,184.200,12.000,11.064,resident
373259.376,148750.675,607.100,12.000,11.679,unknown
373328.416,148996.744,192.100,12.000,11.064,resident
373382.148,148706.200,245.100,12.000,11.679,unknown
373266.275,148731.536,195.700,12.000,11.064,resident
373352.977,148999.554,208.900,12.000,11.064,resident
373257.529,148800.632,323.500,12.000,11.064,resident
373268.239,148719.746,170.600,12.000,11.064,resident
373257.650,148770.105,252.600,12.000,11.679,unknown
373367.576,149001.908,219.100,12.000,11.064,resident
373255.022,148781.604,251.200,12.000,11.679,unknown
373338.871,149029.155,301.600,12.000,11.679,unknown
373312.439,149026.146,339.200,12.000,11.679,unknown
373228.008,148929.121,195.900,12.000,11.679,unknown
373231.610,148879.664,236.200,12.000,11.679,unknown
373229.999,148903.088,286.100,12.000,11.679,unknown
373241.443,148843.346,197.300,12.000,11.679,unknown
373243.526,148831.486,197.500,12.000,11.679,unknown
373245.459,148819.033,197.300,12.000,11.064,resident
373237.171,148892.339,175.500,12.000,11.679,unknown
373233.990,148867.674,236.200,12.000,11.679,unknown
373239.539,148854.122,197.500,12.000,11.679,unknown
373226.534,148995.220,416.100,12.000,11.679,unknown
373227.659,148915.481,279.700,12.000,11.679,unknown
373228.249,148946.259,426.600,12.000,11.679,unknown
373278.515,149015.417,170.000,12.000,11.679,unknown
373280.519,148964.618,185.100,12.000,11.679,unknown
373284.201,148944.584,185.700,12.000,11.679,unknown
373282.307,148954.274,187.200,12.000,11.679,unknown
373276.526,149001.097,191.700,12.000,11.679,unknown
373286.002,148920.590,414.500,12.000,11.679,unknown
373288.562,148596.556,183.800,12.000,11.679,unknown
373303.690,148984.830,74.100,12.000,11.679,unknown
373296.112,148578.845,238.400,12.000,11.679,unknown
373404.526,148436.762,178.000,12.000,11.064,resident
373316.017,148982.880,82.900,12.000,11.679,unknown
373330.331,148665.305,130.900,12.000,11.064,resident
373311.333,149004.093,82.900,12.000,11.679,unknown
373313.675,148993.487,82.900,12.000,11.679,unknown
373286.351,148607.975,180.100,12.000,11.679,unknown
373270.450,148675.931,313.700,12.000,11.064,resident
373300.686,149002.938,74.100,12.000,11.679,unknown
373305.188,148975.775,74.100,12.000,11.679,unknown
373398.244,148450.005,320.800,12.000,11.064,resident
373316.819,148662.236,119.000,12.000,11.064,resident
373380.983,148454.645,212.400,12.000,11.064,resident
373302.189,148993.886,74.100,12.000,11.679,unknown
373344.533,148668.309,124.800,12.000,11.064,resident
373270.912,148657.594,79.900,12.000,11.064,resident
373274.788,148632.595,100.400,12.000,11.064,resident
373272.670,148645.188,79.900,12.000,11.064,resident
373281.083,148982.129,421.700,12.000,11.679,unknown
373277.763,148621.002,93.200,12.000,11.064,resident
373384.741,148585.644,336.800,12.000,11.064,resident
373228.134,148967.983,276.000,12.000,11.679,unknown
373314.163,148955.753,244.700,12.000,11.064,resident
373352.846,148598.988,194.900,12.000,11.679,unknown
372167.785,147810.821,196.300,12.000,11.679,unknown
372157.381,147827.266,231.400,12.000,11.679,unknown
372259.772,147902.051,200.700,12.000,11.679,unknown
372376.422,147859.823,465.400,12.000,11.679,unknown
372333.242,147976.720,211.800,12.000,11.679,unknown
372254.777,147836.838,247.900,12.000,11.679,unknown
372567.144,147767.715,403.700,12.000,11.679,unknown
372893.374,146748.798,225.800,12.000,11.679,unknown
372055.806,148365.369,143.200,12.000,11.679,unknown
372029.059,148357.107,180.500,3.500,3.406,unknown
372034.814,148374.943,142.500,12.000,11.679,unknown
371492.703,149025.957,131.200,12.000,11.679,unknown
371634.291,148499.181,72.500,12.000,11.679,unknown
371175.461,147172.216,217.500,3.500,3.406,unknown
370876.013,147938.374,455.900,12.000,11.679,state
370939.031,148023.144,230.400,12.000,11.679,unknown
371190.501,147208.563,203.800,12.000,11.679,unknown
370931.991,148035.797,92.200,12.000,11.679,unknown
370943.367,148013.024,430.100,12.000,11.679,unknown
370936.568,147963.710,181.300,10.500,10.219,unknown
370943.361,148003.701,295.400,12.000,11.679,unknown
370931.047,147947.457,210.800,10.500,10.219,unknown
370942.328,147986.687,575.900,10.500,10.219,unknown
371033.946,148132.238,335.400,12.000,11.679,unknown
371078.352,148127.180,328.700,12.000,11.679,unknown
371056.233,148129.287,343.900,12.000,11.679,unknown
372340.517,147658.204,176.700,12.000,11.679,unknown
372189.742,147351.546,280.500,3.500,3.406,unknown
372300.587,147614.005,88.300,12.000,11.679,unknown
372186.197,147331.159,372.400,3.500,3.406,unknown
371555.727,148101.153,345.800,12.000,11.679,unknown
371541.797,148115.351,148.200,12.000,11.679,unknown
372162.123,147392.301,125.900,12.000,11.679,unknown
371537.776,148098.988,56.900,12.000,11.679,unknown
371355.858,146854.374,142.400,3.500,3.406,unknown
372058.794,146911.745,126.000,12.000,11.679,unknown
372631.700,148069.424,228.500,12.000,11.679,unknown
372752.553,147961.866,247.200,12.000,11.679,unknown
372727.571,148781.299,198.000,12.000,11.679,unknown
373233.917,146717.339,802.400,108.500,100.041,resident
373260.510,146773.812,681.800,108.500,100.041,resident
373260.260,146841.256,702.900,105.000,96.814,resident
373309.397,146845.274,804.100,105.000,96.814,resident
373317.715,148925.569,328.600,12.000,11.064,resident
372837.339,148150.485,1824.700,12.000,11.679,unknown
370868.519,146884.656,1170.000,12.000,11.679,unknown
371683.328,147733.241,261.500,12.000,19.670,developer
371685.415,147713.416,131.400,12.000,11.679,unknown
371313.010,149025.768,831.700,12.000,11.064,resident
371275.540,148995.594,715.300,12.000,11.064,resident
371114.063,148750.251,1242.800,12.000,11.679,unknown
371427.469,148748.573,403.200,12.000,11.679,unknown
371487.448,148744.697,376.000,12.000,11.679,unknown
371317.475,146779.750,1338.200,14.000,13.626,unknown
371258.958,147960.999,660.200,140.000,129.086,resident
371236.188,147860.098,692.900,140.000,129.086,resident
371265.522,147810.556,3173.300,24.500,21.335,informal
371972.871,147064.222,217.600,12.000,19.670,developer
370938.123,148109.705,949.600,12.000,11.679,unknown
372693.848,147447.743,2036.300,24.500,22.590,resident
372686.118,147398.802,487.700,126.000,116.177,resident
372637.519,147319.681,521.700,126.000,116.177,resident
372637.473,147433.189,562.700,126.000,116.177,resident
373141.866,149087.984,3763.900,14.000,13.626,state
372943.073,148854.380,1047.700,12.000,11.679,unknown
373001.184,148796.601,2581.500,12.000,11.679,unknown
371964.300,147833.484,1787.200,12.000,11.679,unknown
371886.669,147845.290,3260.900,12.000,11.679,unknown
371922.126,147784.032,5482.000,12.000,11.679,unknown
372012.640,147785.301,1236.400,12.000,11.679,unknown
371383.212,147728.958,745.800,140.000,129.086,resident
371480.055,147727.060,745.600,140.000,129.086,resident
371558.771,147728.654,745.700,140.000,129.086,resident
371390.672,147777.522,756.800,147.000,135.540,resident
372661.596,147375.048,475.800,126.000,116.177,resident
371316.254,147824.808,251.900,3.500,3.406,unknown
371242.088,147933.313,104.400,3.500,3.406,unknown
371246.931,147916.171,358.100,3.500,3.406,state
371313.243,147914.794,1297.500,10.500,10.219,unknown
371309.580,147962.045,647.900,140.000,129.086,resident
371297.056,147858.799,693.000,140.000,129.086,resident
373080.659,147179.266,857.300,0.000,3.000,resident
371566.131,147907.582,121.300,3.500,3.406,unknown
371904.416,148489.529,12640.000,12.000,19.670,developer
372224.473,148482.910,2444.100,12.000,19.670,developer
371668.815,148258.004,207.500,12.000,11.679,state
371667.730,147372.784,102.700,12.000,11.679,state
371673.777,147396.733,110.000,12.000,11.679,state
371958.055,147369.292,315.900,17.500,17.032,unknown
371405.291,146730.718,248.400,3.500,3.406,unknown
371752.641,146738.208,195.000,7.000,11.474,developer
371755.117,146756.065,162.100,7.000,11.474,developer
371104.642,146855.638,899.100,126.000,116.177,resident
371349.465,146881.355,1297.400,10.500,10.219,unknown
371542.284,148517.681,4896.700,12.000,19.670,developer
371399.189,148704.526,1844.400,12.000,11.679,unknown
371327.516,148741.616,1069.600,12.000,11.679,unknown
371456.472,148733.373,1297.000,12.000,11.679,unknown
371458.500,148758.500,58.900,12.000,11.679,unknown
371324.697,148768.131,6947.700,12.000,11.679,unknown
372560.783,147056.227,8725.900,12.000,11.679,state
371472.542,147175.305,425.000,12.000,11.679,unknown
371330.174,148428.732,16103.500,12.000,11.679,state
371373.181,148400.209,202.900,12.000,11.679,state
371252.929,148548.840,3275.900,12.000,11.679,state
371309.793,148428.675,2018.900,12.000,11.679,state
371329.096,148481.221,1433.500,12.000,11.679,state
373113.417,147262.574,189.500,3.500,3.406,unknown
373064.377,147222.941,815.400,3.500,3.406,unknown
373100.919,147222.991,764.700,104.000,95.892,resident
373076.610,147269.957,790.200,104.000,95.892,resident
373164.055,147266.243,966.400,12.000,11.064,resident
371238.130,146732.111,431.200,52.500,48.407,resident
372309.989,148924.649,364.800,3.500,3.406,unknown
372131.527,146700.939,129.800,3.500,3.227,resident
372127.332,146695.968,129.700,3.500,3.227,resident
372095.247,146697.330,133.200,3.500,3.227,resident
372099.767,146702.557,133.200,12.000,11.679,unknown
372104.287,146707.790,133.300,10.500,9.681,resident
372108.807,146713.023,133.200,10.500,9.681,resident
372001.048,146721.630,121.600,3.500,3.227,resident
372021.509,146744.803,214.500,3.500,3.227,resident
372016.154,146738.310,165.600,3.500,3.227,resident
372012.249,146733.570,111.800,3.500,3.227,resident
372009.119,146729.786,110.100,3.500,3.227,resident
372001.339,146728.776,217.300,10.500,9.681,resident
371350.904,146707.709,456.100,94.500,91.974,unknown
370936.284,147317.377,1832.100,12.000,11.679,unknown
373361.005,148569.960,293.600,12.000,11.679,unknown
373293.174,148553.392,319.400,12.000,11.679,unknown
371032.302,148009.754,4260.000,12.000,11.679,state
371074.177,147997.727,104.200,12.000,11.679,state
371075.370,148020.532,100.800,12.000,11.679,state
370995.489,148046.454,73.400,12.000,11.679,state
370994.094,148089.374,76.200,12.000,11.679,state
371002.264,148086.665,28.900,12.000,11.679,state
371411.192,146699.010,153.200,10.500,9.681,resident
371426.182,146699.797,159.700,10.500,9.681,resident
371441.168,146700.552,151.600,10.500,9.681,resident
371455.916,146701.307,149.800,10.500,9.681,resident
371395.007,146697.694,188.500,10.500,9.681,resident
371417.875,146699.129,145.100,10.500,9.681,resident
371433.070,146700.068,152.400,10.500,9.681,resident
371447.858,146700.676,153.500,10.500,9.681,resident
371463.107,146701.221,178.000,10.500,9.681,resident
373203.736,147276.968,79.000,3.500,3.406,unknown
373060.197,147155.657,91.500,3.500,3.406,unknown
373058.255,147087.634,4669.200,42.000,38.726,resident
372862.477,147097.001,176.600,12.000,11.679,unknown
372857.885,147126.590,388.100,10.000,9.733,unknown
372852.328,147062.825,156.900,12.000,11.679,unknown
372854.307,147074.155,150.000,12.000,11.679,unknown
372908.928,147112.512,729.100,0.000,3.000,unknown
372882.151,147122.702,587.500,10.000,9.733,unknown
373129.773,146790.263,177.400,3.500,3.406,unknown
373356.197,146850.443,251.300,3.500,3.406,unknown
373015.040,148015.903,292.400,3.500,3.406,unknown
373118.604,147847.029,1467.900,42.000,38.726,resident
373046.045,147871.390,1468.000,42.000,38.726,resident
373097.928,147947.519,659.700,87.500,80.679,resident
372773.675,147737.469,1517.700,70.000,64.543,resident
372922.434,147635.235,239.700,3.500,3.406,unknown
370836.711,147369.859,1325.500,63.000,103.269,developer
370916.610,147430.483,1786.200,3.500,5.737,developer
370890.955,147443.646,1125.000,63.000,103.269,developer
370766.375,147162.876,814.100,12.000,11.679,unknown
371423.968,148925.424,590.500,12.000,11.679,state
371426.298,148890.518,882.600,12.000,11.679,state
371407.614,148834.305,1853.300,24.500,23.845,state
371559.848,148761.581,786.400,10.500,10.219,state
371605.630,148771.736,811.200,10.500,10.219,state
371600.488,148832.202,7805.000,10.500,10.219,state
371583.536,149019.652,1958.900,12.000,11.679,state
371570.819,148960.933,1632.900,12.000,11.679,state
371432.344,148931.166,213.000,12.000,11.679,state
371579.852,147438.743,870.100,0.000,3.000,resident
371603.582,146746.012,153.000,7.000,6.813,unknown
371222.034,146703.429,71.100,7.000,6.454,resident
373389.944,148498.547,158.100,12.000,11.064,resident
373334.213,148490.087,261.300,12.000,11.064,resident
373346.476,148482.272,357.800,12.000,11.064,resident
373357.527,148471.794,287.400,12.000,11.064,resident
373371.071,148462.934,332.300,12.000,11.064,resident
372198.492,148066.659,718.500,129.500,119.404,resident
372159.462,147999.728,737.800,133.000,122.631,resident
372212.641,148031.217,2935.600,21.000,20.439,unknown
373067.331,147396.161,1474.500,12.000,11.064,resident
373016.976,147345.762,1458.100,12.000,11.064,resident
373002.948,147440.001,825.600,108.500,100.041,resident
373071.635,147444.602,2588.700,24.500,21.335,informal
373089.411,147351.849,823.800,3.500,3.406,state
372987.559,147394.278,669.700,3.500,3.406,unknown
371341.626,148130.878,1092.400,10.500,10.219,state
371294.588,148066.072,928.100,126.000,116.177,resident
371349.734,148077.202,809.400,87.500,80.679,resident
371288.256,148124.463,852.600,140.000,129.086,resident
371308.599,148191.552,738.300,140.000,129.086,resident
371329.058,148039.762,197.800,12.000,11.679,state
371280.008,148166.855,197.800,12.000,11.679,state
371330.662,148225.143,194.500,12.000,11.679,unknown
371371.341,148162.388,2891.200,24.500,21.335,informal
371765.484,148351.508,267.700,12.000,11.679,unknown
372835.353,148603.028,30.400,17.500,17.032,unknown
372820.046,148618.132,985.500,12.000,11.064,resident
372858.772,148582.832,197.200,3.500,3.406,unknown
372809.214,148577.015,2245.000,14.000,12.191,informal
372798.068,148648.429,559.700,7.000,6.813,unknown
372804.367,148672.598,751.700,115.500,106.496,resident
372772.220,148682.248,193.000,12.000,11.679,unknown
372778.673,148270.172,212.300,12.000,11.679,unknown
372795.511,148267.276,230.000,12.000,11.679,unknown
373354.423,147579.347,317.800,12.000,11.679,unknown
373252.837,147782.245,328.800,12.000,11.679,unknown
371069.329,147286.401,948.500,12.000,11.679,unknown
371015.456,147271.074,520.500,12.000,11.679,unknown
371476.708,147114.095,139.100,12.000,11.679,unknown
372708.869,146990.890,91.000,12.000,11.679,unknown
372006.886,147032.238,182.500,12.000,11.679,unknown
370991.531,147947.290,445.700,12.000,11.679,state
371018.510,147900.173,744.600,12.000,11.679,state
370946.605,147768.033,662.800,12.000,11.679,state
373023.490,146845.763,3.600,12.000,11.679,unknown
373036.329,146855.994,217.500,12.000,11.679,unknown
370800.426,148980.379,670.200,7.000,6.813,unknown
372334.258,148822.296,110.200,12.000,11.679,unknown
372265.970,148876.372,312.600,12.000,11.679,unknown
372340.602,148931.501,111.200,3.500,3.406,unknown
372326.671,148954.560,84.100,3.500,3.406,unknown
372298.045,148977.706,1237.900,12.000,11.064,resident
372720.256,148552.828,40.300,3.500,3.406,unknown
372711.317,148548.058,40.300,3.500,3.406,unknown
372714.287,148688.566,36.800,3.500,3.406,unknown
372679.739,148686.889,34.700,3.500,3.406,unknown
372097.095,147884.939,231.400,3.500,3.406,state
371837.992,148075.286,60.000,12.000,11.679,unknown
371924.253,148167.786,150.600,3.500,3.406,state
371741.437,147907.703,170.700,12.000,11.679,unknown
372156.758,148261.702,104.700,3.500,3.406,unknown
371486.995,147335.567,43.700,12.000,11.679,unknown
371548.298,147285.639,9.400,38.500,35.499,resident
371448.390,147599.161,58.900,3.500,3.406,unknown
371427.489,147409.412,1309.500,17.500,17.032,unknown
371465.960,147659.326,297.000,3.500,3.406,state
371730.469,147684.017,231.500,3.500,3.406,state
372069.274,147693.965,231.600,3.500,3.406,state
372706.777,147613.922,175.100,3.500,3.406,unknown
372395.016,147469.890,144.100,12.000,11.679,unknown
372386.700,147492.858,107.900,12.000,11.679,unknown
372148.778,147813.024,153.100,3.500,3.406,unknown
371553.287,148714.579,757.500,12.000,11.679,unknown
371452.333,148643.836,819.800,12.000,11.679,unknown
372118.720,147464.030,251.700,12.000,11.679,unknown
372183.791,148039.959,165.300,3.500,3.406,unknown
372618.686,147950.221,119.000,3.600,3.504,unknown
372565.598,147931.105,9.700,2.800,3.000,unknown
372636.021,147902.199,18.500,20.400,19.855,unknown
372596.028,147935.827,50.000,20.400,19.855,unknown
372634.232,147928.352,768.400,12.000,11.064,resident
372587.707,147947.405,677.900,12.000,11.064,resident
372547.206,147905.599,2058.800,17.500,15.239,informal
371388.118,148973.028,240.500,12.000,11.679,unknown
371279.368,148886.805,93.400,12.000,11.679,unknown
371017.286,148964.943,110.300,12.000,11.679,unknown
372171.296,146753.571,99.300,3.500,3.227,resident
372175.043,146757.842,93.100,3.500,3.227,resident
372179.259,146762.857,82.300,3.500,3.227,resident
372182.389,146767.124,96.600,3.500,3.227,resident
372187.015,146772.645,104.000,3.500,3.227,resident
372339.532,146809.228,111.500,3.500,3.406,unknown
372293.307,146820.618,19.100,3.500,3.406,unknown
372318.324,146833.552,19.100,3.500,3.406,unknown
372330.071,146814.635,201.100,3.500,3.406,unknown
372334.064,146840.423,854.900,12.000,11.064,resident
372300.349,146801.591,891.200,140.000,129.086,resident
371822.032,147233.596,310.300,7.000,6.813,unknown
373120.751,147273.103,249.600,3.500,3.406,unknown
373051.978,147211.730,160.900,3.500,3.406,unknown
371533.583,146781.690,25.800,3.500,3.048,informal
371619.862,146780.024,35.600,12.000,11.679,unknown
371033.571,147371.196,451.100,10.500,10.219,state
371042.288,147335.162,387.900,10.500,10.219,state
371829.293,148205.167,220.400,12.000,11.064,resident
373062.998,147167.556,154.100,3.500,3.406,unknown
373299.730,146915.823,931.300,105.000,96.814,resident
373236.845,146894.341,931.000,108.500,100.041,resident
373285.660,146970.588,1090.400,105.000,96.814,resident
373182.752,146930.189,1766.100,12.000,11.064,resident
373213.392,146909.986,202.100,3.500,3.406,unknown
373332.018,146890.690,201.700,3.500,3.406,unknown
373360.501,146945.500,3757.300,24.500,21.335,informal
373370.052,146875.041,210.500,3.500,3.406,unknown
372130.769,147452.287,137.100,12.000,11.679,unknown
372675.274,146720.139,158.200,12.000,11.679,unknown
372056.026,146807.509,38.000,12.000,19.670,developer
372495.517,146750.515,358.600,3.500,3.048,informal
372614.500,146715.651,201.100,3.500,3.048,informal
372482.182,146771.210,2642.600,12.000,10.450,informal
372446.638,146738.116,206.400,3.500,3.048,informal
372435.476,146714.890,817.600,3.500,3.048,informal
372504.592,146698.469,1533.300,12.000,10.450,informal
372560.187,146742.820,1145.600,12.000,10.450,informal
371483.810,147866.882,866.000,3.500,3.406,unknown
372055.261,148139.331,1099.300,140.000,129.086,resident
372089.317,148073.414,1131.400,140.000,129.086,resident
371259.581,148039.797,90.600,12.000,11.679,unknown
370746.132,148006.776,624.300,12.000,11.679,unknown
370805.719,148022.068,79.400,12.000,11.679,unknown
371080.181,148232.335,32.700,12.000,11.679,unknown
371075.444,148225.826,29.700,12.000,11.679,unknown
371190.597,148101.932,2707.600,12.000,11.679,unknown
371105.239,147999.629,191.900,3.500,3.406,unknown
371194.828,148046.352,648.700,3.500,5.737,developer
371140.987,148030.192,1086.600,140.000,129.086,resident
371134.809,148092.656,1031.600,140.000,129.086,resident
371731.736,148643.913,46.600,3.500,3.406,unknown
371739.173,148679.005,46.500,3.500,3.406,unknown
371888.619,148626.131,46.600,3.500,3.406,unknown
371888.604,148793.390,90.300,3.500,3.406,unknown
371964.883,148809.330,553.000,7.000,6.813,state
372035.111,148791.589,270.600,3.500,3.406,unknown
372025.702,148759.377,262.800,3.500,3.406,unknown
371989.580,148825.317,1211.700,133.000,122.631,resident
371977.563,148767.980,819.800,133.000,122.631,resident
371178.693,146739.765,243.300,3.500,3.406,unknown
372835.294,148697.416,45.200,3.500,3.406,unknown
372541.611,148778.309,147.600,3.500,3.406,unknown
372576.425,146802.854,320.700,3.500,3.406,unknown
371874.042,146861.232,1048.500,12.000,11.064,resident
371287.065,147123.190,557.800,87.500,85.161,unknown
371240.295,147112.984,569.300,87.500,85.161,unknown
371023.266,147068.670,638.500,12.000,11.679,unknown
371051.729,147048.188,636.800,12.000,11.679,unknown
371072.839,147023.476,277.000,12.000,11.679,unknown
371248.698,146702.897,528.500,42.000,40.877,unknown
372583.532,147850.000,1545.700,12.000,11.679,state
371150.774,146738.289,387.700,3.500,3.406,unknown
371143.401,146720.109,119.900,3.500,3.406,unknown
371223.703,146719.454,53.800,3.500,3.406,unknown
371259.814,146735.087,110.000,3.500,3.406,unknown
371251.601,146762.021,60.300,3.500,3.406,unknown
371205.119,147428.102,168.600,3.500,3.406,unknown
371203.812,147418.042,5.800,3.500,3.406,unknown
371193.562,147422.568,12.600,3.500,3.227,resident
371606.330,146708.591,797.100,14.000,13.626,unknown
371679.974,146704.898,3679.600,14.000,13.626,unknown
371375.176,147124.309,292.600,3.500,3.406,unknown
371409.615,147152.378,28.000,3.500,3.406,unknown
371339.498,147151.844,28.000,3.500,3.406,unknown
371426.616,147174.585,112.300,3.500,3.406,unknown
371375.000,147171.475,48.700,3.500,3.406,unknown
371521.960,146740.965,41.200,3.500,3.406,unknown
371004.994,147120.823,211.500,3.500,3.406,unknown
371304.303,146744.364,106.000,3.500,3.406,unknown
371291.911,146857.537,15.800,3.500,3.406,unknown
372403.058,148032.638,1074.500,12.000,11.679,unknown
373252.783,147424.054,191.400,3.500,3.406,unknown
373340.733,147371.367,207.100,3.500,3.406,unknown
373254.059,147351.800,186.200,3.500,3.406,unknown
373238.501,147389.520,1130.200,12.000,11.064,resident
373318.017,147444.681,2370.700,12.000,11.064,resident
373302.154,147350.415,3479.500,28.000,24.383,informal
373179.203,147404.660,1009.300,3.500,5.737,developer
373284.556,147370.793,719.200,84.000,77.451,resident
373203.266,147336.465,1255.200,105.000,96.814,resident
373214.159,147447.786,1135.300,105.000,96.814,resident
373218.817,148091.841,15.300,12.000,11.679,unknown
373257.304,147999.498,124.800,12.000,11.679,unknown
373195.101,147926.373,3459.100,12.000,11.679,unknown
