stakeholder,height_m,area_m2,euluc,function
resident,11.438166333333328,447.21767133240104,居住用地,Residence
resident,13.039766333333324,334.4276365391314,居住用地,Residence
resident,13.765899666666664,271.4590678784363,居住用地,Residence
resident,20.40016633333332,104.44930975543278,居住用地,Residence
resident,18.345033,32.99250092686775,居住用地,Residence
resident,10.880366333333333,71.85104860161093,居住用地,
resident,15.200166333333335,73.95865771642427,居住用地,
resident,25.635632999999995,62.26338353408932,居住用地,
resident,19.930033,304.69443411222704,居住用地,
resident,15.292166333333334,187.775918498777,居住用地,Residence
resident,79.36736633333338,429.1286955282162,居住用地,
resident,76.76709966666678,238.88226286911282,居住用地,Residence
resident,71.67289966666664,599.0239878094902,居住用地,Residence
resident,80.47276633333342,429.39349346240635,居住用地,
resident,76.73063300000005,239.9098091470143,居住用地,Residence
resident,68.87329966666667,81.58278720637226,居住用地,Residence
resident,71.75036633333328,107.04899764795869,居住用地,Residence
resident,70.6117663333333,58.86999838493176,居住用地,Residence
unknown,21.644833,52.71222241718911,,
resident,20.973032999999965,387.1689234241604,居住用地,
resident,36.65456633333333,23.38978764961121,居住用地,
resident,21.266432999999964,385.7299528824673,居住用地,Residence
resident,38.14049966666668,24.66888997555874,居住用地,
resident,12.170032999999998,177.05809098835712,居住用地,
resident,12.635699666666666,112.19933848460494,居住用地,
resident,11.56416633333333,141.87486855114935,居住用地,Residence
resident,13.17576633333333,42.475526565599054,居住用地,
resident,15.235499666666668,362.0229046397145,居住用地,Residence
resident,14.581833000000005,60.87671048663414,居住用地,Residence
resident,10.674899666666668,466.95003625541284,居住用地,Residence
resident,18.19549966666666,20.78739791744189,居住用地,
resident,12.275232999999997,165.25039380782187,居住用地,
resident,19.063433000000007,36.93230072881369,居住用地,
resident,13.014766333333332,105.59825412568044,居住用地,
resident,21.78729966666668,57.999226110856064,居住用地,Residence
resident,12.741766333333327,137.91758866066215,居住用地,Residence
resident,12.029832999999998,120.36796171020904,居住用地,
resident,11.418499666666673,164.74085392116044,居住用地,Business
resident,11.820899666666664,136.35776966641342,居住用地,Public service
resident,12.596633,39.28114023806054,居住用地,Residence
resident,10.181099666666668,130.01935626143012,居住用地,Residence
resident,41.88596633333335,26.226881301319658,居住用地,
resident,18.44136633333333,598.1720490890156,居住用地,
resident,22.85309966666664,386.57458800632287,居住用地,Residence
resident,34.31456633333332,23.79138696136924,居住用地,
resident,25.68363300000001,47.5269519250189,居住用地,
resident,19.38763300000002,387.94714929398253,居住用地,Residence
resident,14.534966333333337,203.69449311957842,居住用地,Residence
resident,28.871233,19.31425802214182,居住用地,
resident,16.39076633333333,28.759564399240883,居住用地,Residence
state,16.240699666666675,27.06272961582472,教育科研用地,Residence
resident,9.672232999999999,91.40946893599495,居住用地,Residence
resident,15.04796633333333,44.04616008126766,居住用地,Residence
resident,11.634099666666668,38.891908927239,居住用地,
resident,12.489566333333332,125.56290980885042,居住用地,Residence
unknown,14.706899666666665,16.472545199141937,,
resident,14.163233000000002,24.653245534534534,居住用地,
resident,12.198499666666672,43.88151988529553,居住用地,
resident,12.00216633333333,28.78677628531661,居住用地,
resident,16.27489966666666,17.818338131785737,居住用地,Business
resident,11.024566333333333,34.16405219948344,居住用地,
resident,9.977633000000003,155.43148914338084,居住用地,Residence
resident,10.546566333333338,83.32264191243604,居住用地,Residence
resident,12.23389966666667,134.67395685833355,居住用地,Residence
resident,11.049766333333332,261.8187490572811,居住用地,
resident,11.575966333333332,171.20691761409083,居住用地,
resident,11.427499666666668,100.25846013551461,,Residence
resident,10.245566333333333,170.3527590594519,居住用地,Residence
resident,14.001699666666662,62.166722885080006,居住用地,
resident,11.612899666666667,195.61591199647867,居住用地,Residence
resident,13.308499666666664,191.764658852661,居住用地,Residence
resident,11.856566333333332,194.1078633116492,居住用地,Residence
resident,18.620033000000006,984.435681939126,居住用地,Business
resident,12.537632999999998,61.784076406306184,居住用地,
resident,11.825166333333335,632.8763019316475,居住用地,
resident,12.261499666666667,288.7583325680775,居住用地,
resident,13.924766333333338,92.24568948637679,居住用地,Business
resident,14.084233000000005,111.35449512607457,居住用地,Business
resident,17.235033,29.85150106235593,居住用地,
resident,15.555566333333342,57.533974222129515,居住用地,
resident,11.649232999999992,330.9207361224107,居住用地,Business
resident,15.906299666666664,22.335937489227447,居住用地,
resident,10.922232999999997,109.35533582510486,居住用地,Business
resident,9.886499666666666,94.24021489719473,居住用地,Residence
resident,10.33629966666666,135.24448748128063,居住用地,Residence
resident,12.727433000000005,109.12511426975084,居住用地,
resident,13.439032999999998,88.72076087541411,居住用地,Residence
resident,23.68536633333334,24.976472483501166,居住用地,
resident,11.076899666666666,125.2083086899777,居住用地,Residence
resident,9.634232999999995,271.6393389443078,居住用地,Residence
resident,9.584232999999998,92.6522848812251,居住用地,
resident,7.946899666666666,587.9445178438806,居住用地,
resident,10.581232999999996,239.4381038612121,居住用地,Residence
resident,13.145166333333334,110.73737421244715,居住用地,Residence
resident,19.156633000000003,51.740608783492995,居住用地,
resident,12.110766333333334,48.31912343740715,居住用地,
resident,9.860299666666666,139.1251502696702,居住用地,
resident,12.363166333333329,69.1037310783919,居住用地,Residence
resident,10.345566333333332,113.3685919738392,居住用地,
resident,12.005566333333324,29.36510336242894,居住用地,
resident,10.398099666666669,60.91674949807123,居住用地,
resident,12.320033,179.95855590824928,居住用地,Residence
resident,10.188232999999997,129.55048140547294,居住用地,
resident,12.195099666666668,68.93854609373588,居住用地,Business
resident,11.328433,115.68657155765882,居住用地,Public service
resident,14.228632999999997,142.41968273814823,居住用地,Business
resident,11.499099666666664,48.12254410592421,居住用地,
resident,11.548233,112.30208430886043,居住用地,Business
resident,15.834699666666664,37.359039842069905,居住用地,
resident,11.586832999999999,383.9172766130467,居住用地,Business
resident,10.465566333333332,89.20352120685578,居住用地,
resident,11.631566333333335,107.09818236628008,居住用地,Residence
unknown,12.287633,65.88984123726345,,
resident,11.11556633333334,378.9978233039257,居住用地,
resident,10.831832999999998,184.93630848841983,居住用地,
resident,10.802232999999996,33.046550109934515,居住用地,
resident,12.70036633333333,27.45390474375438,居住用地,
resident,10.30449966666667,253.22004159599484,居住用地,
resident,10.477366333333336,111.73911235199199,居住用地,
resident,12.972099666666663,99.18611091388716,居住用地,Residence
resident,11.06676633333333,285.5785123459718,居住用地,
unknown,11.415632999999998,88.50227414949859,,
resident,10.661166333333336,165.61031010421235,居住用地,Residence
resident,14.983633,17.57057274657958,居住用地,
resident,12.181566333333336,142.5369817463324,居住用地,Residence
resident,10.565566333333324,131.10792375627966,居住用地,Residence
resident,18.40156633333333,87.59255519615354,居住用地,
resident,16.494566333333335,123.64140036148126,居住用地,Residence
resident,16.745499666666667,28.98592706220584,居住用地,
resident,12.702233,151.27807688594635,居住用地,Business
resident,24.65276633333334,50.74704258606379,居住用地,Residence
resident,17.20229966666667,614.538407533206,居住用地,Residence
resident,16.64056633333333,207.60094700788414,居住用地,Business
resident,16.342433,38.44586440975075,居住用地,
resident,11.53156633333333,84.11287103549982,居住用地,
resident,17.625833000000007,89.66356190111739,居住用地,
resident,29.23469966666667,25.669404500201132,居住用地,
resident,25.055766333333334,25.89593482416345,居住用地,
resident,13.662899666666661,109.67886800745073,居住用地,
resident,16.271233,473.1226088984117,居住用地,Residence
resident,20.253433,44.69651525832701,居住用地,
resident,24.237833,46.546448517810774,居住用地,
resident,17.068233000000003,57.19441509689811,居住用地,
resident,10.203632999999995,147.81960036746167,居住用地,Residence
resident,10.717366333333333,182.3766902361602,居住用地,Residence
resident,13.652232999999994,111.86743503258148,居住用地,
resident,12.443766333333336,181.11878305944998,居住用地,Residence
resident,14.197966333333332,278.6313999410283,居住用地,
resident,10.958099666666664,183.9491992602368,居住用地,Residence
resident,10.540366333333331,188.07804504168922,居住用地,Residence
resident,13.09469966666667,408.7596859924083,居住用地,Residence
resident,11.417099666666669,96.10146441794599,居住用地,Residence
resident,11.78149966666666,122.67047331759574,居住用地,Residence
resident,11.169566333333323,343.3975798024133,居住用地,Business
resident,23.14109966666667,57.34154815488632,居住用地,
resident,9.972966333333334,250.5049089466433,居住用地,Residence
resident,17.193566333333337,27.543418182126477,居住用地,
resident,11.971232999999998,119.35526136087583,居住用地,Business
resident,22.259099666666675,49.15977719341249,居住用地,
resident,11.69569966666667,250.49120789677204,居住用地,Residence
resident,20.91016633333333,73.73871092824582,居住用地,Residence
resident,30.57663300000001,364.5606023998684,居住用地,Business
resident,18.783433,172.6206388148044,居住用地,Residence
resident,24.86683299999999,18.32862547210796,居住用地,
resident,24.242899666666684,102.8570672094401,居住用地,
resident,19.479033,56.441285389806545,居住用地,
resident,12.634633000000001,87.39169833638822,居住用地,
resident,25.03176633333333,884.2778274570786,居住用地,Residence
resident,15.593633000000002,57.76606126548993,居住用地,
resident,35.96283299999998,537.491022539455,居住用地,
resident,21.43656633333334,61.55026661837244,居住用地,Residence
resident,12.102833000000002,33.205388468940946,居住用地,
resident,16.634566333333332,139.86132312688267,居住用地,
resident,31.666099666666717,514.8392835115012,居住用地,Residence
resident,58.034233,633.2426492452508,居住用地,Residence
resident,45.58583300000003,248.2071843694072,居住用地,Residence
resident,62.69416633333332,432.97945544812256,居住用地,Residence
state,23.839899666666668,239.3637015783607,教育科研用地,Residence
state,67.38656633333333,61.711188613412176,教育科研用地,
state,62.88876633333344,658.6236833685628,教育科研用地,
state,12.580633,327.7477148605308,教育科研用地,Residence
state,10.135499666666668,131.79244351828248,教育科研用地,
state,9.036432999999995,110.5577883472252,教育科研用地,Residence
resident,10.527299666666666,79.89565826893119,居住用地,Business
resident,12.145366333333332,34.93437814997936,居住用地,
state,14.097633000000004,741.5167597402954,教育科研用地,Residence
resident,18.072832999999992,194.7694862476095,居住用地,
resident,10.641432999999996,217.05378458973917,居住用地,Business
resident,14.880499666666669,303.35047304259695,居住用地,Business
state,30.423566333333326,712.4315737882271,教育科研用地,Residence
state,30.088766333333364,76.74969618301434,教育科研用地,Residence
resident,20.80089966666666,90.75082446579927,居住用地,
resident,9.861566333333336,69.08461290916578,居住用地,Business
resident,11.181166333333326,24.04448462571833,居住用地,
resident,10.891099666666664,977.2367293014131,居住用地,
resident,12.852699666666666,36.415132083750024,居住用地,Business
resident,12.128899666666662,109.02426452273733,居住用地,
resident,12.361499666666669,79.56649272201375,居住用地,
resident,15.082232999999997,147.23696561045594,居住用地,
resident,11.455699666666668,371.9410980309767,居住用地,Business
resident,10.011566333333334,145.6036882006653,居住用地,
resident,8.690233000000001,126.955668557932,居住用地,
resident,11.197233,372.1838239384831,居住用地,Business
resident,11.540099666666665,36.48029396219635,居住用地,
resident,15.006299666666669,35.634575490305664,居住用地,Business
resident,12.302899666666669,268.502387516604,居住用地,
resident,12.244033000000003,109.80626797759496,居住用地,Business
resident,12.914766333333336,97.62647856820797,居住用地,
resident,12.311633,72.81801978619801,居住用地,Business
resident,13.520833000000009,136.52950927500376,居住用地,Other
resident,15.638033000000004,219.48883221943106,居住用地,Business
resident,14.34089966666666,320.7433553247524,居住用地,
resident,15.433366333333332,51.66245920998998,居住用地,Other
state,8.670233000000003,52.713564795130274,教育科研用地,
resident,14.422233,45.806992928295884,居住用地,
resident,10.216899666666666,236.29225778147907,居住用地,Business
resident,13.421766333333329,290.23048660096964,居住用地,
state,21.195833,524.3493041591992,教育科研用地,Residence
state,14.94036633333334,716.5792248862004,教育科研用地,
resident,14.286166333333323,310.18801547977324,居住用地,
state,13.589299666666669,776.0308309027115,教育科研用地,
resident,21.70756633333333,288.24443982894985,居住用地,Business
state,17.710766333333332,244.05817342100374,教育科研用地,Residence
resident,12.834566333333337,249.7371279585836,居住用地,
resident,13.18589966666666,27.61608386212576,居住用地,
resident,13.729832999999994,184.1194307122212,居住用地,
resident,21.282566333333342,23.896829560230604,居住用地,
resident,12.617033000000005,499.96397650777976,居住用地,Business
resident,13.64216633333333,138.91882023700657,居住用地,Business
resident,13.212032999999995,47.526098109788705,居住用地,
resident,11.131433000000005,81.39885849148357,居住用地,
resident,12.214899666666657,96.00777391429969,居住用地,Business
resident,9.866366333333334,76.38203494170224,居住用地,
resident,12.904633,354.24647349961776,居住用地,Residence
resident,10.070766333333328,165.608464842146,居住用地,Business
resident,15.135699666666659,39.978125977735516,,Residence
resident,16.777499666666664,44.32302802299455,,Residence
developer,13.061233,63.0031405605513,商业服务用地,Business
developer,13.735366333333332,226.65837115443185,商业服务用地,Business
developer,19.17949966666667,478.92682907311047,商业服务用地,Business
developer,14.839366333333334,356.104004662566,商业服务用地,Business
developer,18.20523299999999,312.9192065205101,商业服务用地,Business
developer,24.063033000000004,712.16806968359,商业服务用地,Business
resident,17.678032999999996,277.8423620708699,居住用地,
resident,24.054099666666666,95.98226856616377,居住用地,
resident,15.22396633333334,122.36291108911816,居住用地,
resident,14.778766333333332,60.02939590630471,居住用地,Business
developer,45.17909966666667,241.59864441633445,商业服务用地,Residence
developer,14.717099666666668,213.26629650353348,商业服务用地,Other
developer,9.89516633333334,142.10514669421835,商业服务用地,Residence
developer,16.86183299999999,297.61698184297506,商业服务用地,
developer,23.893699666666663,24.78084185851636,商业服务用地,Other
developer,22.75936633333333,101.94937366883964,商业服务用地,Residence
resident,11.298166333333327,166.03921745897742,居住用地,Business
resident,14.822832999999996,62.857602542077615,居住用地,
developer,18.10623299999999,325.51820253064363,商业服务用地,Business
developer,19.872432999999987,869.6057693611698,商业服务用地,Business
developer,15.714632999999996,273.69061071765276,商业服务用地,Business
developer,19.653299666666683,169.3740834816573,商业服务用地,Public service
developer,18.829366333333322,122.94486819624495,商业服务用地,Public service
developer,19.58556633333333,122.38988654479834,商业服务用地,
developer,15.461233000000004,79.47239159606849,商业服务用地,Public service
developer,21.32249966666666,418.79680912237916,商业服务用地,Public service
developer,30.084766333333334,2234.7895359752583,商业服务用地,Business
developer,14.622633000000004,201.07806433796534,商业服务用地,
developer,11.707033000000001,123.86863864750175,商业服务用地,Business
developer,12.596433,128.39552030007164,商业服务用地,
developer,17.371966333333333,123.97004874490803,商业服务用地,
developer,25.396433000000002,329.45347359274064,商业服务用地,Residence
developer,34.107099666666656,98.83591282403069,商业服务用地,Residence
developer,13.760566333333331,212.71183708109214,商业服务用地,
developer,22.978632999999995,430.4857596159097,商业服务用地,Residence
developer,32.00383299999999,438.0414747871639,商业服务用地,
resident,21.512699666666663,24.993880684008143,居住用地,
resident,18.056833,266.41284627727657,居住用地,Business
resident,16.35816633333333,39.599727408923584,居住用地,
resident,15.720566333333323,471.7839377705098,居住用地,
resident,17.388966333333325,217.83760882654212,居住用地,Business
resident,16.94409966666666,450.55775000719854,居住用地,Business
resident,23.573966333333328,21.180302243929507,居住用地,
resident,21.358499666666667,832.1583987920687,居住用地,Business
resident,19.06209966666667,219.85586607181727,居住用地,Business
resident,18.582099666666657,141.25750288817343,居住用地,
resident,19.557566333333337,80.5609349273666,居住用地,Residence
resident,25.688499666666672,41.397248959801956,居住用地,
resident,19.58543299999999,20.3539355764989,居住用地,Residence
resident,20.344766333333336,79.84926457020688,居住用地,
resident,18.006566333333332,524.712112988327,居住用地,Residence
resident,13.095433000000002,112.12869862035699,居住用地,Residence
resident,22.164499666666668,45.20820237890102,居住用地,
resident,14.318233,95.33668818656227,居住用地,Residence
resident,10.533699666666669,89.82301183724874,居住用地,Business
resident,13.813099666666668,54.24217396775736,居住用地,
resident,15.467032999999995,159.00410992007778,居住用地,Residence
unknown,22.20949966666666,125.19043490367545,,
resident,20.981433,54.69690737451513,居住用地,
resident,25.962899666666665,844.8209856019449,居住用地,Business
resident,18.055699666666666,204.10961728844092,居住用地,Residence
resident,12.566033000000004,524.4339932384102,居住用地,Residence
resident,18.64129966666668,206.23239989888145,居住用地,Business
developer,12.660632999999995,184.71587520525608,,Business
resident,13.01049966666666,185.7753068528756,居住用地,Business
developer,26.795499666666675,693.0261148061883,商业服务用地,Business
resident,20.152766333333336,27.878258418605345,居住用地,
resident,26.402033,39.67975929123455,居住用地,Business
resident,25.277299666666668,31.684650032814083,居住用地,Business
resident,11.984699666666664,127.58528550652792,居住用地,Business
resident,27.531499666666665,323.5122011212162,居住用地,Business
resident,22.458566333333337,30.59066076461433,居住用地,Business
resident,10.528166333333337,128.00170719381703,居住用地,Business
resident,24.34269966666668,30.76084557758564,居住用地,Business
resident,14.668633,128.94163586117062,居住用地,Business
resident,27.742433000000023,30.997220931874658,居住用地,
resident,19.095699666666672,61.35173448923831,居住用地,Business
resident,15.961433000000005,239.88688669705357,居住用地,
resident,34.853832999999995,240.39468573801463,居住用地,Residence
resident,23.52163300000001,213.04830439793753,居住用地,Residence
resident,26.60843300000001,49.78409889736941,居住用地,Residence
resident,14.58896633333333,979.9297180810528,居住用地,
resident,14.148433000000002,183.86171013794845,居住用地,
resident,41.312233000000006,50.30446387059611,居住用地,
resident,14.309099666666665,188.38508180449813,居住用地,Business
resident,20.22263300000001,185.10840644703342,居住用地,
unknown,14.792099666666669,273.83906764406197,,
resident,14.014766333333336,273.8419629956311,居住用地,Business
developer,18.227632999999994,412.0363612138028,商业服务用地,Business
resident,18.11156633333333,151.34385241488954,居住用地,
resident,14.448233000000002,173.36056474139133,居住用地,
resident,14.308033000000002,172.58798385648683,居住用地,
unknown,14.444366333333338,76.87126927533292,,Other
resident,14.716233000000003,31.353272162321765,居住用地,Other
resident,20.284433000000007,17.897274355348948,居住用地,
resident,13.638499666666664,459.4600787470556,居住用地,
resident,15.633499666666667,85.15485694043343,居住用地,
resident,14.19209966666666,181.2517688961646,居住用地,
resident,15.398432999999995,86.24899216618223,居住用地,
unknown,13.678699666666665,96.63776814689712,,
resident,15.045633000000004,277.4983366935699,居住用地,Residence
resident,23.840766333333335,30.377759983456308,居住用地,
resident,23.42976633333334,277.9624869923531,居住用地,
resident,20.69409966666667,661.9600738528488,居住用地,
resident,11.077566333333332,80.5566735026721,居住用地,
resident,14.263433000000001,138.43371768850577,居住用地,Other
resident,13.155499666666666,138.66666042524906,居住用地,Other
unknown,19.140566333333336,23.061386805231407,,Other
resident,35.63229966666667,18.21925071257788,居住用地,Other
resident,15.934833000000005,57.93907423823741,居住用地,
resident,17.097099666666672,15.39622110972843,居住用地,Other
resident,18.06776633333332,25.622505899616726,居住用地,
unknown,18.91729966666667,91.89814947841602,,Other
resident,14.505699666666658,207.46931804351524,居住用地,
resident,14.290233000000002,342.41565575518024,居住用地,
unknown,15.813699666666672,45.45687002151152,,
resident,19.68903300000001,1608.7444512618933,居住用地,
resident,17.781833,275.53998432364517,居住用地,
resident,18.446699666666674,760.3372777461321,居住用地,
resident,14.296099666666665,98.27129709867299,居住用地,
resident,16.118033,256.97306319432914,居住用地,Other
unknown,17.883099666666673,34.35920441655721,,
unknown,14.874233000000004,58.25063116970708,,
resident,26.134299666666653,49.0785204501445,居住用地,
resident,15.838833,177.1101601957614,居住用地,
unknown,17.421699666666672,122.31563243116103,,
resident,12.769766333333331,122.59825881259226,居住用地,Residence
resident,15.267766333333332,109.80792778917134,居住用地,
resident,24.238633,89.17381266321131,居住用地,Residence
resident,14.911299666666665,176.91572033840433,居住用地,Residence
resident,15.157566333333328,79.37211498772461,,Residence
unknown,14.752232999999999,118.19078334752534,,
resident,16.47889966666667,125.19115953550326,居住用地,Other
unknown,18.39556633333334,48.319270479357414,,
resident,15.973966333333331,160.0650525959607,居住用地,
resident,14.906166333333342,176.18550669921262,居住用地,Other
developer,30.370966333333328,180.4377609125287,商务办公用地,Residence
developer,17.210099666666668,176.57570097946862,商务办公用地,
developer,12.081566333333337,174.05339565050866,商务办公用地,
developer,53.80123299999992,391.1426679762037,商务办公用地,Business
developer,11.270033,93.19216368161294,商务办公用地,
developer,88.03509966666667,1148.1066501392893,商务办公用地,Residence
state,46.97289966666661,531.2736601867781,医疗卫生用地,Residence
resident,75.32889966666664,444.23039992820605,居住用地,
state,53.0824996666666,103.75233951615269,医疗卫生用地,Residence
developer,71.6473663333333,837.5703727029733,商务办公用地,Business
developer,42.116299666666606,334.419939582839,商务办公用地,
developer,81.54063300000007,37.270379643563,商务办公用地,Business
developer,95.3271663333335,205.58328734447556,商务办公用地,Business
developer,92.5515663333333,27.670807819645454,商务办公用地,Business
developer,97.40376633333315,434.721224127278,商务办公用地,Business
developer,96.20743299999985,46.14426072287855,商务办公用地,Business
resident,42.048033000000025,35.14330590597671,,
state,51.01689966666657,276.9450569422596,医疗卫生用地,
resident,98.13969966666647,56.71242300933327,居住用地,
resident,76.09069966666664,871.8092520578125,居住用地,
resident,98.78089966666647,175.32578699067003,居住用地,Business
resident,96.93203299999979,35.19855356468164,居住用地,Business
resident,98.28623299999987,581.7258048103337,居住用地,Business
state,12.032166333333336,379.90709884203955,医疗卫生用地,
resident,28.82809966666666,60.11708738587883,居住用地,
resident,28.82809966666666,60.11708738587883,居住用地,
state,13.777032999999996,220.71515153295047,医疗卫生用地,
resident,12.510899666666663,219.34588499913625,居住用地,
resident,15.204499666666663,236.50819632803743,居住用地,
resident,12.228166333333329,68.89916429279253,居住用地,Residence
state,54.786899666666656,155.37237087845148,医疗卫生用地,Residence
state,54.84643299999999,191.9282291309977,医疗卫生用地,Residence
state,13.437299666666638,450.17393006986094,医疗卫生用地,
state,52.983699666666695,389.48402954604194,医疗卫生用地,Residence
state,13.822299666666678,488.2263838591755,医疗卫生用地,Residence
resident,20.305766333333334,22.76061506951254,居住用地,
resident,12.465833,53.89208050994781,居住用地,
resident,11.335032999999992,162.16655158530224,居住用地,Residence
resident,10.386366333333331,103.58245361730039,居住用地,
state,11.42156633333335,288.86793654059517,医疗卫生用地,
resident,9.540899666666665,95.83494322793621,居住用地,
resident,10.521166333333332,120.13191797040734,居住用地,
state,10.311966333333332,280.28948355497477,医疗卫生用地,
resident,9.488233000000001,90.60397981325602,居住用地,
state,18.927366333333335,361.0099044773923,医疗卫生用地,Residence
resident,9.95609966666667,285.29639343370326,居住用地,
state,18.330833,433.04127150192477,医疗卫生用地,
resident,9.918232999999997,274.48369663927286,居住用地,Residence
resident,9.176299666666667,244.32509764780266,居住用地,
state,13.868566333333332,246.53290986502265,医疗卫生用地,
resident,12.977099666666668,31.813288180345562,居住用地,
resident,10.483566333333332,201.57835645251464,居住用地,Residence
resident,11.772299666666663,696.2955717082451,居住用地,
resident,14.222099666666674,85.66052846696336,居住用地,
resident,15.625833000000009,83.2716660153668,居住用地,
unknown,13.122899666666669,937.2106606817441,,
resident,8.347166333333336,123.81968045369344,居住用地,
resident,16.82516633333333,185.56244859808595,居住用地,
resident,11.543833,79.07127936577753,居住用地,
resident,8.475432999999999,120.90601440505418,居住用地,
resident,13.839366333333336,488.8139934284603,居住用地,
resident,9.996699666666666,118.42195685460705,居住用地,
resident,13.42916633333334,270.6701543980547,居住用地,
resident,15.700166333333332,1401.209383575188,居住用地,
resident,14.646833,66.43319739187453,居住用地,
resident,10.163832999999995,90.6149253601898,居住用地,
resident,8.625832999999998,139.43956568047744,居住用地,
resident,10.905499666666676,100.92311648387343,居住用地,
resident,11.213966333333328,121.959301735389,居住用地,
resident,15.377299666666664,173.05539682242426,居住用地,Residence
resident,11.35156633333333,210.8565269006909,居住用地,Residence
resident,10.554032999999997,97.05455763890136,居住用地,
resident,9.394366333333332,105.4281443566632,居住用地,
resident,11.328299666666668,118.60658954100266,居住用地,
resident,22.22016633333333,784.4484098738646,居住用地,
resident,18.858699666666634,44.687119195540674,居住用地,
resident,13.256699666666666,82.29989872040002,居住用地,
resident,18.364233,120.28887828924005,居住用地,Residence
resident,14.864633000000005,183.88538849130896,居住用地,
resident,15.379232999999976,53.30577005981736,居住用地,
resident,16.024433,34.20995162520247,居住用地,
resident,15.633766333333329,137.42049857884612,居住用地,
resident,20.418966333333323,30.74983273566795,居住用地,Residence
resident,31.26603300000001,58.01576114717184,居住用地,Residence
resident,21.42169966666666,312.63960483737173,居住用地,
resident,28.79876633333334,535.0803929008467,居住用地,
resident,29.878299666666663,36.06860991409458,居住用地,Residence
resident,26.99136633333335,112.01718426775072,居住用地,Residence
resident,17.82789966666667,153.42291423132684,居住用地,
resident,14.92076633333334,20.410021082980514,居住用地,
resident,35.76976633333334,255.01182074689942,居住用地,
resident,11.947566333333349,30.92186399263129,居住用地,
resident,13.499233000000016,480.1941360317628,居住用地,
resident,19.96596633333331,137.78556125332017,居住用地,
resident,14.506232999999996,385.37935074691353,居住用地,
resident,13.90316633333333,120.53298509965839,居住用地,Residence
resident,13.813033000000003,116.13845998744257,居住用地,
resident,12.166233000000009,159.21883612121758,居住用地,Residence
resident,17.049566333333317,280.87384386544545,居住用地,Residence
state,14.967166333333331,173.70176554056297,医疗卫生用地,Residence
resident,88.97023299999985,867.3855885652956,居住用地,Business
state,14.642699666666662,112.7374916494893,医疗卫生用地,
state,10.784232999999997,81.89403363968403,医疗卫生用地,
resident,9.581499666666666,349.973467286011,居住用地,
resident,17.296499666666662,55.31386335751971,居住用地,
resident,11.545233000000005,124.14345877886646,居住用地,
resident,19.269299666666672,18.596172181005148,居住用地,
resident,18.03536633333333,28.629398516936508,居住用地,
resident,16.491099666666674,24.381609646803636,居住用地,
resident,30.48236633333336,35.14340023756258,居住用地,Residence
resident,18.300299666666664,214.6751489856522,居住用地,Residence
resident,19.987632999999995,214.40052874217923,居住用地,Residence
resident,10.535899666666662,139.65850459091902,居住用地,Residence
resident,11.595566333333316,643.0644892929618,,Residence
resident,12.223233,891.7772850798426,居住用地,
resident,38.17643300000002,763.9297191842079,居住用地,
resident,11.461766333333337,500.5010273623043,居住用地,Residence
resident,14.834833,390.8714265872522,居住用地,
resident,15.903899666666662,208.88471208389785,居住用地,
resident,14.55849966666666,712.8076607392608,居住用地,Residence
resident,13.28629966666666,221.5391324012793,居住用地,
resident,14.133699666666654,1922.9042746659525,居住用地,Residence
resident,15.488766333333329,242.19727902011397,居住用地,
resident,19.51963300000001,301.0935127846563,居住用地,
resident,33.807166333333335,775.4725473212856,居住用地,
resident,12.653099666666664,238.68207838272423,居住用地,Residence
resident,13.191766333333343,80.32117809584658,居住用地,Residence
resident,31.871832999999995,240.99770182106343,居住用地,Residence
resident,15.361033,186.56909974485512,居住用地,
resident,16.33383299999999,133.4568995915075,居住用地,
resident,13.346099666666664,209.40523251953928,居住用地,Residence
resident,22.070699666666663,26.35750117833755,居住用地,
resident,21.777966333333342,194.80960387488668,居住用地,Residence
resident,31.182232999999986,369.006673573048,居住用地,
resident,13.543099666666672,162.28727108775797,居住用地,Residence
resident,14.080766333333331,496.8197905222776,居住用地,
resident,21.38416633333333,32.97732382002062,居住用地,
resident,37.44929966666667,59.3045433876589,居住用地,
resident,24.927232999999998,43.92923270522777,居住用地,Residence
resident,19.940432999999995,2737.32717357372,居住用地,
resident,8.238233,89.52329503117666,居住用地,
unknown,7.707566333333336,95.97706726334812,,
resident,12.870899666666665,557.9301299969561,居住用地,Residence
resident,11.054232999999998,110.01178930239494,居住用地,Residence
resident,19.961566333333327,331.7320110333905,居住用地,
unknown,8.935566333333332,40.49240931845785,,
resident,15.400433,584.3173532543789,居住用地,Residence
resident,8.950566333333331,37.590204946984116,,Residence
resident,14.868499666666665,287.1963272552076,居住用地,
resident,20.588699666666667,192.22598745793832,居住用地,Residence
resident,16.800366333333336,157.01654205975308,居住用地,
resident,14.277833000000024,293.95714889455525,居住用地,
resident,12.735566333333354,117.27455407215476,居住用地,Residence
resident,16.183699666666634,193.78625463944786,居住用地,Residence
resident,14.423499666666666,161.53139325319603,居住用地,Residence
resident,12.694032999999996,35.66354551532048,居住用地,Residence
resident,12.694232999999985,325.62847937502875,居住用地,
resident,15.935299666666664,36.053823349710505,居住用地,Residence
unknown,13.550833,450.5438879096674,,
resident,23.84836633333334,108.27882699960277,居住用地,
unknown,69.01903299999998,263.11777715762474,,
resident,11.007633000000002,273.09194420288895,居住用地,
resident,11.062566333333333,72.05575605880927,居住用地,
resident,13.375499666666652,215.45053272210623,居住用地,Residence
resident,14.300299666666668,46.22838917637747,居住用地,
resident,9.29749966666667,57.106287735813,居住用地,Residence
resident,10.037433000000005,788.4915386757708,居住用地,
resident,11.14916633333334,17.57122761248562,居住用地,
resident,15.509299666666674,189.0372595772369,居住用地,
resident,10.551032999999997,120.61518422964109,居住用地,
resident,14.299566333333333,358.2392495153822,居住用地,
resident,14.907299666666669,96.69771093962852,居住用地,Residence
resident,12.163699666666671,87.85716646170923,居住用地,
resident,12.481833000000009,173.02451242212067,居住用地,Residence
resident,15.662699666666668,128.3118203457437,居住用地,
resident,13.62396633333333,81.29344640254838,居住用地,
resident,12.997499666666664,197.459346426541,居住用地,
resident,12.365699666666677,60.719787047865026,居住用地,Residence
resident,15.352699666666666,71.41573352415449,,
resident,12.603166333333338,271.61635308982596,居住用地,Residence
resident,11.197232999999995,86.88789181240314,,
resident,15.140299666666678,25.647424727916626,居住用地,Residence
resident,18.036632999999995,178.4393748102206,居住用地,
resident,11.309566333333331,179.10665633466212,居住用地,Residence
resident,18.49409966666667,20.36835161573175,居住用地,Residence
resident,16.380833,61.257036992108866,居住用地,
resident,10.942032999999997,35.142553096389335,居住用地,
resident,14.293499666666674,72.21533638497004,居住用地,Residence
resident,14.393899666666668,81.8564032034637,居住用地,
resident,12.111899666666666,1956.5304434256097,居住用地,Residence
resident,13.488699666666662,171.3665873789946,居住用地,
resident,23.68329966666666,31.693134853813962,居住用地,Residence
resident,15.364499666666669,71.40816807889792,居住用地,Residence
resident,12.732966333333332,948.2756513623841,居住用地,
resident,12.599032999999997,88.72882980714625,居住用地,Residence
resident,12.301566333333328,336.7242650748824,居住用地,
resident,8.800499666666667,481.87160452886485,居住用地,
resident,11.668633,109.52802032295338,居住用地,
resident,12.988299666666665,44.00156296535176,居住用地,
resident,14.488566333333337,580.6193414346279,居住用地,Residence
resident,21.11223299999999,72.50970499512428,居住用地,
resident,10.635699666666662,86.12205356596505,居住用地,
resident,15.174566333333338,78.06884688688197,居住用地,
resident,15.241966333333332,52.71412530811887,居住用地,
unknown,14.914299666666668,52.714197865369265,,
resident,11.852232999999996,197.021494353045,居住用地,
resident,14.352832999999997,66.10247995290888,居住用地,
state,11.562632999999996,144.96390728986574,,Public service
resident,14.092966333333331,234.1145342713266,居住用地,Public service
resident,12.305699666666667,87.85683377075738,居住用地,
resident,20.861099666666668,45.84869475165106,居住用地,
resident,10.030099666666663,222.61969230487432,居住用地,
resident,10.400233,231.85369697293072,居住用地,
resident,18.587699666666673,777.2165885959772,居住用地,Residence
resident,20.683033000000002,52.8430129108018,居住用地,
resident,12.90329966666667,74.88795244784411,居住用地,
resident,10.37956633333333,109.82025029551978,居住用地,Residence
resident,10.75909966666666,142.4903861698163,居住用地,
resident,10.430632999999997,87.85623287118712,居住用地,
resident,11.29049966666667,31.18837573099333,居住用地,
resident,11.480366333333333,544.1020091651633,居住用地,
resident,13.67296633333333,200.43222184735018,居住用地,
resident,15.904566333333328,296.9514871129769,居住用地,
resident,15.409566333333334,40.353382392071694,居住用地,
resident,11.931033,120.40219561458218,居住用地,Residence
resident,11.352233,92.86948292096763,居住用地,
resident,11.73929966666666,167.10765867088594,居住用地,Residence
unknown,29.80063300000001,52.713971951829684,,
unknown,16.042232999999996,35.14262407372192,,
resident,21.535166333333336,41.175788706153,居住用地,
resident,18.875766333333324,36.29845017923982,居住用地,
resident,22.039966333333343,733.088556607445,居住用地,
resident,17.66229966666666,18.229714633446438,居住用地,
resident,22.59029966666667,138.46958796472032,居住用地,Residence
resident,10.897766333333337,76.71800016320665,居住用地,Public service
resident,11.391966333333333,191.93451583113188,居住用地,Public service
unknown,12.28029966666667,149.35668553871486,,
resident,13.977899666666667,90.14644284604104,居住用地,
resident,12.789699666666667,125.1985806785774,居住用地,Public service
resident,16.93929966666667,887.6518435769132,居住用地,Public service
resident,14.581499666666668,22.87208478561888,居住用地,
developer,12.927032999999998,304.65529642297224,商务办公用地,Residence
resident,11.460566333333333,154.781293891525,居住用地,Residence
developer,20.700633,65.63727688970009,商务办公用地,
developer,15.515299666666657,163.46965011480745,商务办公用地,
developer,13.959832999999993,121.76765436832775,商务办公用地,
developer,24.51709966666668,19.77048656914277,商务办公用地,Residence
developer,21.22923299999998,508.9263257745532,商务办公用地,
developer,13.026766333333327,165.1725559567372,商务办公用地,Residence
developer,27.32709966666668,49.51102858320843,商务办公用地,
resident,10.602099666666668,72.20100273908915,居住用地,Residence
resident,19.750633000000004,18.6185768688558,居住用地,
resident,11.064366333333332,118.37737015935122,居住用地,Residence
resident,12.029899666666664,93.30015912356167,居住用地,
resident,10.330166333333327,400.80332533484915,居住用地,Residence
resident,18.745766333333336,26.880208007313925,居住用地,
resident,10.878766333333331,67.22020480630952,居住用地,
resident,13.125499666666666,74.38940966097942,居住用地,
resident,9.757299666666665,228.9543322873749,居住用地,
resident,10.270832999999998,103.59567282808204,居住用地,
resident,11.351299666666662,122.64366632557206,居住用地,
resident,14.10716633333334,207.04120689635855,居住用地,Residence
resident,13.577899666666669,30.379808809613948,居住用地,
resident,10.042232999999998,91.17419030342293,居住用地,Residence
resident,11.705299666666663,23.70787051669823,居住用地,
resident,9.893633000000003,67.45542009040219,居住用地,Residence
resident,9.223232999999999,137.67612561850873,居住用地,Residence
resident,11.216232999999995,36.48038168932276,居住用地,
resident,13.168033,169.89989723419689,居住用地,
developer,52.090633,1203.6107591898406,商业服务用地,
developer,34.81943299999999,87.85493950801398,商业服务用地,Business
resident,66.98063299999998,413.84707508578634,居住用地,Residence
developer,27.77056633333332,46.12383315743112,商业服务用地,Business
state,64.00983299999999,84.84073509903777,教育科研用地,Residence
state,62.34196633333332,347.92905431790234,教育科研用地,Residence
resident,46.68009966666667,14.67064331166868,居住用地,
resident,32.26223299999999,153.1385933359425,居住用地,
resident,15.366766333333324,173.33295792067145,,
resident,37.30496633333333,2535.942166058549,居住用地,Office
developer,51.42736633333334,45.70747296195367,商务办公用地,
developer,50.184766333333336,21.710198509712864,商务办公用地,
developer,61.27003299999999,21.488481384211003,商务办公用地,
resident,94.76776633333351,937.7850144653826,居住用地,Residence
resident,78.16656633333335,934.3329315530319,居住用地,Residence
resident,55.55396633333332,158.14032426546393,居住用地,
resident,56.46109966666667,70.28462553908989,居住用地,
resident,74.57556633333347,243.31337136813983,居住用地,
resident,70.42063299999985,245.16034777752637,居住用地,Residence
resident,78.35496633333344,701.2031887498727,居住用地,Residence
resident,76.41109966666652,699.7247402548473,居住用地,Residence
resident,67.81529966666666,704.9839913737006,居住用地,
unknown,31.81543299999999,542.8798022832952,,
developer,11.321433,550.0478043619624,商业服务用地,
resident,22.40116633333333,105.42676586785922,居住用地,
developer,17.288233000000005,1800.2003000967482,商业服务用地,Residence
developer,52.34816633333334,39.534781385893645,商业服务用地,Business
state,29.907099666666667,232.94004096476547,教育科研用地,
developer,29.703699666666672,79.06940466902097,商业服务用地,Business
state,42.32689966666665,967.4993383426969,教育科研用地,
developer,10.744899666666669,33.08291620255886,商业服务用地,
developer,17.05116633333333,90.55206853568949,商业服务用地,
developer,11.931566333333334,363.91736408244526,商业服务用地,
developer,15.969766333333329,135.21450164359987,商业服务用地,
developer,12.648299666666672,67.86611737065996,商业服务用地,
developer,20.07889966666666,79.13357437287983,商业服务用地,
state,21.202566333333323,15.115903205643486,教育科研用地,
state,11.816766333333334,81.75405622260858,教育科研用地,
state,9.311032999999998,108.86562265901975,教育科研用地,Residence
state,18.877299666666662,159.77203872301283,教育科研用地,
state,16.268899666666677,76.87256908695352,教育科研用地,
state,34.06463300000001,23.42825368640479,教育科研用地,
state,9.90356633333333,160.224111470754,教育科研用地,
developer,7.905699666666679,262.62237597100176,商业服务用地,Business
developer,12.206032999999996,230.82726752752922,商业服务用地,Business
developer,9.436233000000001,34.146660835613616,商业服务用地,
developer,21.286633,78.3303633154496,商业服务用地,
developer,11.491166333333332,104.12605306961811,商业服务用地,
developer,19.707833000000008,301.16158300961365,商业服务用地,
developer,32.508433000000004,101.74060918171135,商业服务用地,
developer,12.232899666666665,336.9851160798774,商业服务用地,
developer,18.629899666666667,31.745067423346526,商业服务用地,
developer,10.154232999999996,131.02826028744988,商业服务用地,Business
developer,28.792033000000007,33.12277997648562,商业服务用地,
developer,17.43396633333333,116.37910748418501,商业服务用地,
developer,11.92829966666667,143.22297611463497,商业服务用地,
resident,11.738433000000002,83.86553304172307,居住用地,
developer,22.403699666666657,61.66099105334125,商务办公用地,
resident,10.715499666666666,169.68659581182806,居住用地,
resident,10.417766333333327,174.1637655282209,居住用地,Residence
unknown,11.880899666666664,151.91772592795658,,
developer,16.573232999999995,79.6142656347063,商务办公用地,
resident,11.550232999999997,349.25329531274343,居住用地,Residence
unknown,14.115432999999996,106.76780577089933,,
resident,10.335833000000001,156.51595252613026,居住用地,Residence
unknown,35.73716633333333,17.57116367968125,,
resident,22.143099666666668,400.69375177734526,居住用地,
resident,15.546699666666669,20.97694280905908,居住用地,
resident,19.00316633333334,597.5106689067267,居住用地,Public service
resident,13.340166333333338,1421.340012503837,居住用地,
unknown,18.972433000000017,37.76258757061356,,
resident,11.516699666666664,68.77663682556721,居住用地,
resident,15.251099666666668,55.46255213559366,居住用地,
resident,13.665899666666665,129.45856741805372,居住用地,
resident,10.735899666666665,150.20259668262878,居住用地,
resident,15.979832999999996,447.5271161726726,居住用地,
resident,11.052833000000009,46.35459095377902,居住用地,
resident,11.68249966666667,74.0299673332162,居住用地,
resident,16.838166333333334,50.56972244294128,居住用地,
resident,10.458233,339.66681013176833,居住用地,
resident,10.222232999999996,104.85110622437398,居住用地,
resident,17.821366333333337,49.71438614834045,居住用地,
resident,12.157833000000004,49.663976685535445,居住用地,
resident,10.884499666666672,203.94906645899084,居住用地,Residence
resident,10.416899666666664,174.8209617701564,居住用地,Residence
resident,10.728899666666669,102.474226285288,居住用地,
resident,10.739566333333334,167.129196606626,居住用地,Residence
resident,9.793566333333333,115.12212540621125,居住用地,Residence
resident,10.761566333333333,57.72380647229737,居住用地,Residence
resident,17.241632999999997,289.79381901852156,居住用地,
resident,19.187099666666665,94.77544184947338,居住用地,
resident,19.867233,108.4196466397332,居住用地,
resident,19.21923299999999,254.44945675625425,居住用地,
resident,22.716033,193.59586639662047,居住用地,
resident,8.475566333333335,118.76118439351377,居住用地,Residence
resident,12.174099666666665,179.32595039194717,居住用地,Residence
resident,45.20149966666668,35.65595177346962,居住用地,
resident,13.932299666666664,252.24032239359954,居住用地,
resident,42.79749966666667,53.43575524153836,居住用地,
resident,11.402899666666665,215.1410504552903,居住用地,Residence
resident,18.566966333333326,98.16172469728957,居住用地,
resident,23.064899666666665,90.8451448956863,居住用地,Residence
resident,56.84689966666668,41.14643839041238,居住用地,Residence
resident,31.257766333333333,156.5221263040346,居住用地,Residence
resident,11.140766333333332,127.25677952731544,居住用地,
resident,13.343432999999996,142.37226410364707,居住用地,
resident,10.545966333333332,47.09281814257158,居住用地,
resident,12.93349966666666,149.97326943269005,居住用地,
resident,9.933299666666668,594.0636085598361,居住用地,
resident,13.638432999999994,407.66196702712546,居住用地,Residence
resident,15.58549966666667,34.17764376276492,居住用地,Residence
resident,10.625099666666667,756.514528891925,居住用地,
resident,12.244099666666669,222.37009995649555,居住用地,
resident,11.104899666666665,319.20687269924133,居住用地,Residence
resident,10.596033,280.3516698372924,居住用地,
resident,10.988899666666665,216.59370225530805,居住用地,
resident,10.737566333333332,93.62835393027174,居住用地,
unknown,8.729566333333334,146.15434998770127,,
resident,15.457966333333326,382.2401386884311,居住用地,Residence
unknown,7.854632999999997,37.8640716932328,,
resident,18.74276633333334,386.5434357699326,居住用地,
resident,13.162166333333332,79.70470662187537,居住用地,Residence
unknown,17.502766333333337,409.70659567609863,,
resident,13.720099666666677,103.03348213396382,居住用地,
resident,16.46509966666667,76.99419373855436,居住用地,Residence
resident,18.130899666666675,376.90179884025963,居住用地,Other
resident,13.875832999999997,314.3126905613975,居住用地,Residence
resident,12.296499666666667,260.7985249774377,居住用地,Residence
resident,17.80889966666668,208.77855911530838,居住用地,Residence
state,38.404033000000005,1013.1521124311219,,
resident,53.50823299999999,35.142778700447096,居住用地,Other
resident,26.141566333333326,1739.0238231065098,居住用地,
resident,13.884233000000004,208.26490940271162,居住用地,Public service
resident,22.199232999999992,201.4619685142202,居住用地,Public service
resident,25.34529966666666,23.062540406595367,居住用地,
resident,21.647566333333334,506.2816342086345,居住用地,
resident,9.34749966666666,127.94456972619068,居住用地,Residence
resident,12.336232999999996,260.24768260846554,居住用地,
resident,17.585299666666668,146.68586760637214,居住用地,Other
resident,12.17689966666666,91.06702563500517,居住用地,
resident,14.119432999999994,31.352225129821157,居住用地,
resident,10.735299666666664,183.93695761904422,居住用地,Residence
resident,10.235033,331.9706700759983,居住用地,Residence
resident,9.742899666666663,125.88447143605575,居住用地,Residence
resident,18.759099666666685,433.19055179270873,居住用地,Residence
resident,17.142233,343.0471373870138,居住用地,
resident,15.023566333333337,89.7291988288102,居住用地,Residence
resident,52.43043299999997,34.14471423791037,居住用地,
resident,11.748299666666664,251.6227107651255,居住用地,
resident,20.99083299999999,35.82993140169947,居住用地,
resident,20.029899666666665,221.0199096689424,居住用地,Residence
resident,32.65203300000001,202.19733401150435,居住用地,Residence
resident,18.38816633333333,539.7115835034756,居住用地,Residence
resident,11.183499666666687,836.1748399895903,居住用地,Residence
resident,10.086099666666659,371.0345087951183,居住用地,
resident,73.4988329999999,1154.0061517335637,居住用地,Residence
resident,18.28523300000003,621.4381551793853,居住用地,Residence
resident,27.180166333333325,559.1370535967961,居住用地,
resident,19.32249966666668,36.169731898319796,居住用地,Residence
resident,19.257433,144.966847369462,,Residence
resident,37.435766333333326,39.53637641378044,,Residence
resident,19.514232999999983,369.00561506756395,居住用地,
resident,26.90809966666666,302.0196621040163,居住用地,
resident,30.01063299999997,429.139543992328,居住用地,
resident,15.42756633333334,403.4756340338382,居住用地,
resident,19.763899666666667,515.5932748805222,居住用地,
resident,38.75743299999997,528.7619954836252,居住用地,Office
resident,87.37823299999988,925.3403291776239,居住用地,Office
resident,25.09009966666663,512.0245705059749,居住用地,Residence
resident,30.919966333333317,468.5240693072609,居住用地,Office
resident,20.799566333333342,509.9211438121643,居住用地,Residence
resident,85.40689966666673,810.272582623996,居住用地,
resident,12.013566333333326,582.0665704270684,居住用地,Residence
resident,11.645966333333332,552.3772575033007,居住用地,Residence
resident,24.050233000000045,1210.8880446797143,居住用地,
resident,11.921899666666667,289.55453667065296,居住用地,Residence
resident,15.383366333333305,353.18652079990716,居住用地,Residence
resident,13.593566333333353,348.2057768700128,居住用地,Residence
resident,13.364099666666649,316.7466088292896,居住用地,Residence
resident,18.021499666666664,872.8827120582064,居住用地,
resident,19.89316633333334,1184.4773790532047,居住用地,Residence
resident,12.006099666666664,772.5961354687715,居住用地,
resident,12.505366333333336,559.460576778964,居住用地,
resident,12.166833000000008,584.8537922482534,居住用地,Residence
resident,13.207166333333332,1161.945146885043,居住用地,Residence
resident,13.667699666666667,638.740108504739,居住用地,
resident,12.730432999999994,312.52315981261336,居住用地,
resident,14.62436633333335,1535.3599939525955,居住用地,Residence
resident,11.338833000000005,98.84108057731562,居住用地,
resident,16.97536633333333,437.44731047770085,居住用地,Residence
developer,17.15289966666666,442.2994923897863,商业服务用地,Residence
developer,17.28289966666666,271.12527116724084,商业服务用地,
developer,22.148233000000022,505.8545083209711,商业服务用地,Residence
state,17.183966333333334,438.03190936023157,教育科研用地,
developer,18.70889966666667,361.1794911422052,商业服务用地,Residence
state,18.20796633333334,537.5109450501616,教育科研用地,Residence
developer,16.61023299999998,292.7264353743037,商业服务用地,Residence
developer,23.04823300000004,620.903975270478,商业服务用地,Residence
state,17.053166333333337,268.5889423114827,教育科研用地,Public service
unknown,12.328233,1747.1297330866619,,
state,19.152233000000017,424.9731413780428,教育科研用地,Residence
state,15.416299666666688,830.4975329224162,公园与绿地用地,Business
state,8.620899666666674,63.72624748579684,公园与绿地用地,
state,17.13356633333333,414.3704013854627,教育科研用地,
state,17.759099666666664,63.30368620140501,公园与绿地用地,Business
state,15.835499666666669,65.27028797676688,公园与绿地用地,
state,27.323566333333385,804.4887190039632,教育科研用地,Residence
state,39.68089966666666,34.40330487684475,公园与绿地用地,
state,17.748233000000035,139.5597176809249,公园与绿地用地,Business
state,19.34556633333336,137.36389853169547,公园与绿地用地,Business
resident,12.471099666666651,475.46120638501105,居住用地,Residence
resident,14.65209966666667,454.56015831049615,居住用地,Residence
resident,17.122966333333338,455.33062970516414,居住用地,Residence
resident,17.254099666666693,1015.1122297603407,居住用地,Residence
developer,37.26676633333334,151.5570817392923,商务办公用地,Office
developer,85.22409966666666,2646.760845270151,商务办公用地,Residence
developer,26.89076633333333,648.511536866469,商务办公用地,Residence
resident,10.126033000000001,167.47035703145363,居住用地,
resident,13.463766333333336,292.4150253134663,居住用地,Residence
resident,12.449633000000004,330.2414716735684,居住用地,
resident,12.875233,190.82222305973983,居住用地,
resident,26.44429966666663,679.157295333865,居住用地,Residence
unknown,71.36289966666666,95.6603480972802,,
resident,33.17709966666666,647.753116639105,居住用地,Residence
developer,42.896233,436.5605260116863,商务办公用地,Residence
developer,26.020099666666628,603.9124698087672,商务办公用地,Residence
developer,58.5380329999999,814.0118274453388,商务办公用地,Residence
state,21.040099666666663,227.03026169310564,公园与绿地用地,Business
resident,62.03823299999998,598.3096316542005,居住用地,Residence
resident,25.899499666666667,168.95275888142262,居住用地,Residence
state,35.152899666666656,391.7152363276369,公园与绿地用地,
resident,64.53489966666665,456.4530431554411,居住用地,Residence
state,27.873899666666663,136.29285836181737,公园与绿地用地,
developer,30.367033000000013,24.005359225058644,,
resident,61.84689966666663,347.97972802824006,居住用地,Residence
resident,62.24756633333331,231.59620434589283,居住用地,
resident,54.31956633333327,475.20899110907817,居住用地,Residence
resident,11.962966333333329,128.94832352265271,居住用地,
unknown,10.940833,299.8085612163305,,
resident,16.78489966666666,199.8726562058726,居住用地,
resident,16.540832999999992,234.21603857193443,居住用地,
resident,18.159499666666665,289.43362579950355,居住用地,
state,62.99329966666666,829.072778444505,行政办公用地,Residence
state,19.585432999999963,568.5519047279221,行政办公用地,Office
state,64.59409966666666,78.31343183700109,行政办公用地,Office
state,23.546899666666665,161.36612337104935,行政办公用地,
state,60.36703300000012,669.6213184007354,行政办公用地,Office
developer,18.80196633333333,152.52879688893236,商业服务用地,
resident,15.308899666666687,323.7738546538743,居住用地,
developer,13.465566333333332,293.01094759179836,商业服务用地,Residence
developer,20.030566333333343,65.89144226119828,商业服务用地,Business
developer,9.759299666666669,45.242587264023356,商业服务用地,
developer,14.124233000000002,127.61159166011484,商业服务用地,Business
developer,20.764032999999998,69.32159374119453,商业服务用地,Business
developer,19.34196633333333,61.542914273464845,商业服务用地,
resident,21.86016633333334,27.481213754961995,居住用地,
resident,28.41709966666668,333.08032449011574,居住用地,
developer,11.024366333333331,80.82278203560578,商业服务用地,Business
developer,12.75489966666666,113.22149079767568,商业服务用地,Business
developer,14.839499666666669,30.91878867331738,商业服务用地,
developer,10.073033,61.93985099803456,商业服务用地,Business
developer,16.484699666666675,61.29242639728239,商业服务用地,Business
developer,15.888233000000008,47.764354111056434,商业服务用地,
developer,17.541699666666673,37.35319668134959,商业服务用地,Business
developer,13.067366333333336,193.77901962258915,商业服务用地,Business
developer,10.210899666666664,137.74284164760445,商业服务用地,
developer,10.265766333333335,62.217137996753344,商业服务用地,Business
developer,10.967232999999998,139.1202548730433,商业服务用地,Business
developer,18.837232999999994,20.57321597200276,商业服务用地,
developer,20.884833000000008,31.50092319605625,商业服务用地,Business
developer,16.367166333333333,22.878408058161746,商业服务用地,Business
developer,19.168432999999993,64.52352032985529,商业服务用地,
developer,8.081566333333333,108.67181265833952,商业服务用地,
developer,21.585499666666664,96.1342401456097,商业服务用地,
developer,17.321699666666667,238.75317224145513,商业服务用地,
developer,18.324766333333322,105.80144327579524,商业服务用地,
developer,10.565566333333337,120.01296890165418,商业服务用地,
resident,23.49936633333333,41.476548482509,居住用地,
resident,13.70969966666666,30.405560093392587,居住用地,
resident,15.006899666666671,27.734006279548275,居住用地,
resident,27.961566333333327,39.7743729633336,居住用地,
resident,28.30863300000001,246.63801206352827,居住用地,Residence
resident,14.15669966666667,793.3332421040839,居住用地,
resident,33.72989966666667,85.21860921447187,居住用地,Residence
resident,21.77569966666667,406.98959323633204,居住用地,Residence
resident,17.34183300000001,355.3812660868003,居住用地,Residence
resident,23.90976633333332,324.40472810239135,居住用地,Residence
developer,10.565566333333337,120.01296890165418,商业服务用地,
resident,14.137032999999995,43.49965315919653,居住用地,
resident,19.893366333333333,28.69700423223676,居住用地,
developer,27.998899666666663,34.84381980461628,商业服务用地,
developer,14.291632999999996,24.383008683979696,商业服务用地,
developer,13.38549966666666,149.64706813727696,商业服务用地,
developer,13.38549966666666,149.64706813727696,商业服务用地,
developer,10.898232999999996,46.30770962200123,商业服务用地,
developer,10.699566333333332,74.96058356114209,商业服务用地,
developer,11.455166333333333,68.86182826763186,商业服务用地,
resident,19.535633,340.46046315443897,居住用地,Residence
resident,27.07096633333333,24.15279623699174,居住用地,Residence
resident,22.647833,28.61744540276105,居住用地,
resident,32.26589966666666,276.744831609564,居住用地,Residence
resident,16.249166333333335,126.73680086320995,居住用地,
resident,17.96856633333334,204.6332445081622,居住用地,Residence
resident,11.137433,558.4056879485834,居住用地,
resident,24.022233,243.03412788373015,居住用地,
resident,13.112499666666666,197.8785670216895,居住用地,Residence
resident,17.857833000000003,119.44518738323563,居住用地,
developer,10.715299666666668,173.69238919156646,商业服务用地,
developer,19.500299666666667,25.62699584355297,商业服务用地,
developer,11.109233,103.41557015410925,商业服务用地,
developer,11.49189966666666,118.93777303621728,商业服务用地,
developer,11.062899666666667,421.29855278265427,商业服务用地,
developer,10.692233000000002,67.12407980063894,商业服务用地,
developer,9.81276633333333,233.6171312078842,商业服务用地,
developer,17.490233000000007,173.11118557880764,商业服务用地,
developer,11.440433,202.97227949170352,商业服务用地,
developer,9.226699666666667,72.01358280021408,商业服务用地,
resident,12.845766333333335,129.3795907491049,居住用地,Residence
resident,16.554099666666662,177.2101165474241,居住用地,Residence
resident,19.182499666666676,33.019330346183,居住用地,
resident,13.469033,70.22833108358566,居住用地,Residence
resident,18.73189966666667,1048.8501629026787,居住用地,
resident,13.343966333333336,239.65409349024844,居住用地,
resident,15.443499666666666,41.27092524386683,居住用地,Residence
resident,17.035033000000006,34.234396216193176,居住用地,Residence
resident,14.954232999999991,36.332146495755595,居住用地,Residence
resident,17.531766333333326,131.11339739911264,居住用地,Residence
developer,14.600166333333336,332.9886928968573,商业服务用地,
developer,10.064899666666665,209.00750184430007,商业服务用地,
developer,21.432833,366.74066496664716,商业服务用地,
developer,9.827166333333329,61.0526620219322,商业服务用地,
developer,12.963166333333332,39.28756547039099,商业服务用地,
developer,27.808832999999996,52.71305713046104,商业服务用地,Residence
developer,14.878499666666666,88.91093649363853,商业服务用地,
developer,11.654232999999998,39.85455269167799,商业服务用地,
developer,10.870032999999996,85.55956116955454,商业服务用地,
developer,13.692299666666669,597.9485220999477,商业服务用地,
unknown,10.309566333333327,62.50736526619739,,
resident,26.988433,95.13923380856734,居住用地,
resident,13.324899666666672,164.73143503641367,居住用地,Public service
resident,24.28456633333335,269.3840582867533,居住用地,
resident,14.065766333333334,521.4654407290437,居住用地,
resident,8.984499666666663,194.07498775024774,居住用地,
resident,11.337299666666668,179.49284207039153,居住用地,
resident,13.123499666666667,319.1457420303914,居住用地,
resident,9.440633000000002,259.16542769702596,居住用地,Other
resident,11.374499666666663,513.0125986932243,居住用地,
resident,17.934233000000006,609.6916232006823,居住用地,Residence
resident,16.572899666666657,280.0332581666539,居住用地,Residence
resident,16.614899666666666,288.3279819619025,居住用地,Residence
resident,16.838233,377.220206878992,居住用地,Residence
state,12.228899666666669,469.06211909472023,教育科研用地,Public service
state,16.740232999999996,258.03455351334554,教育科研用地,Residence
resident,18.257099666666665,404.75283606789753,居住用地,
state,21.38889966666669,326.64615009054523,教育科研用地,Residence
resident,9.434099666666665,313.01461816349456,居住用地,
resident,9.810233000000002,323.84323121789294,居住用地,
resident,14.642032999999998,388.95865962014557,居住用地,
resident,10.206766333333332,309.9257647638176,居住用地,
resident,11.559766333333336,232.99921688846578,居住用地,
resident,24.437166333333334,1413.4675674228438,居住用地,Other
resident,19.523899666666672,662.1705727913755,居住用地,
unknown,13.566166333333337,214.65109644996323,,
resident,14.277432999999998,292.86455734183573,居住用地,
resident,9.593699666666664,332.3058326530149,居住用地,
resident,8.327766333333331,109.76590747535313,居住用地,Other
resident,22.382232999999964,1253.3323389282373,居住用地,Residence
resident,11.78276633333333,758.501295549832,居住用地,Other
resident,10.346033,191.18060600578227,居住用地,
state,26.608899666666684,476.2084660173765,教育科研用地,Residence
state,16.252233000000004,250.12450889150992,教育科研用地,Residence
resident,13.51369966666667,517.4857115837992,居住用地,
unknown,21.36763300000001,617.2794773612666,,
resident,60.76169966666666,61.696426655341234,居住用地,Residence
resident,34.71103299999999,210.07634381181688,居住用地,Residence
resident,24.10489966666665,206.44702190369415,居住用地,Residence
resident,24.814966333333324,168.989747708188,居住用地,
resident,10.338899666666666,73.28586272571044,居住用地,
resident,9.655099666666667,274.93641452686813,居住用地,
resident,11.321166333333338,261.93312163031857,居住用地,
resident,20.362966333333326,179.81385381481437,居住用地,
resident,16.165966333333337,150.66047132817857,居住用地,
resident,18.950099666666656,188.54133330967088,居住用地,
resident,26.47229966666665,155.0058678176047,居住用地,
resident,27.884366333333322,383.1557003213606,居住用地,
unknown,74.06223299999999,164.43671423901384,,
resident,13.282566333333332,105.42820471377345,居住用地,
state,30.773166333333343,524.4820814535774,行政办公用地,
state,67.68643299999987,358.747463955938,行政办公用地,Public service
state,94.88116633333323,17.57128012146978,行政办公用地,
state,101.16209966666653,85.50436586862251,行政办公用地,Public service
state,70.5372996666665,343.5359409700686,行政办公用地,Public service
state,83.21116633333334,75.6856073735274,行政办公用地,Public service
state,80.44103300000013,902.0179389075935,行政办公用地,Public service
state,90.10343300000001,91.3297326188698,行政办公用地,Public service
state,87.97329966666673,320.0484469963218,行政办公用地,
state,84.37543300000006,319.4211678289093,行政办公用地,Public service
resident,11.102232999999993,497.1651744348959,居住用地,
resident,17.169299666666667,105.42805560010747,居住用地,Residence
state,61.25636633333333,317.49004497608314,行政办公用地,
state,37.746833,210.31341963818514,行政办公用地,
state,42.11656633333334,212.4028667310359,行政办公用地,
resident,11.293433000000004,1362.344294304597,居住用地,Residence
state,37.65249966666671,196.60567378243232,行政办公用地,
state,29.508233000000025,211.2257996559561,行政办公用地,
state,16.974899666666666,179.11971274242336,行政办公用地,
state,12.373499666666671,395.9976994787765,行政办公用地,
state,38.74703299999998,148.72583723296927,行政办公用地,
state,55.35449966666666,134.51343476147002,行政办公用地,
state,59.40489966666666,154.20727513569398,行政办公用地,
state,53.19209966666665,132.618579321152,行政办公用地,
state,27.62929966666666,623.5652399148569,行政办公用地,
state,16.309566333333336,400.39701773091974,行政办公用地,
state,34.81809966666667,515.063913829883,行政办公用地,
state,22.088433000000006,298.7007661285923,行政办公用地,
state,16.730766333333328,499.75357931860304,行政办公用地,
resident,19.20856633333333,26.009146604268444,居住用地,
resident,12.475966333333329,640.1830089131838,居住用地,Residence
resident,57.93089966666662,184.34033994620216,居住用地,Residence
resident,13.193033,638.9273411750379,居住用地,Residence
resident,16.887832999999997,433.6451127137544,居住用地,Residence
resident,16.32536633333333,765.8367655324735,居住用地,Residence
resident,24.73969966666667,532.4354677314836,居住用地,
resident,25.27709966666666,884.680048231207,居住用地,
resident,14.45016633333334,1402.2239132879029,居住用地,
resident,12.969233000000004,436.31987110368027,居住用地,
resident,15.283232999999996,321.09151967376204,居住用地,
state,14.424232999999996,275.49793316029223,行政办公用地,
unknown,11.740166333333335,1070.9819300783518,,
resident,13.440832999999996,755.4329522374147,居住用地,
state,15.841366333333328,233.7175258002969,行政办公用地,
state,13.71676633333334,866.3810123587809,行政办公用地,
state,16.24036633333333,274.615825000503,行政办公用地,
resident,14.531633,747.3295239678072,居住用地,
state,12.317099666666667,509.2466153978704,行政办公用地,
state,17.722899666666667,132.1467801596978,行政办公用地,
state,17.27569966666666,273.4374968783666,行政办公用地,
resident,14.816099666666666,328.9036290641955,居住用地,Business
resident,12.62056633333334,211.34318153840465,居住用地,Residence
resident,14.211433,180.22786352031005,居住用地,
resident,32.734299666666665,360.7948130207418,居住用地,Residence
resident,19.696099666666665,239.28617891743517,居住用地,
resident,37.057166333333335,35.75171614089785,居住用地,
resident,31.349166333333336,82.11962667988807,居住用地,
resident,21.57089966666665,151.10663044794524,居住用地,
resident,22.792432999999996,263.63476361389604,居住用地,Other
resident,16.396499666666674,92.9396394756715,居住用地,Other
resident,17.796366333333324,97.68964941904726,居住用地,
resident,38.233033000000006,245.83048919698123,居住用地,
resident,27.13616633333332,49.71876367957722,居住用地,
resident,23.796099666666667,90.04891817203031,居住用地,
resident,24.694299666666666,49.0823492401239,居住用地,
resident,26.04736633333334,32.62092450669536,居住用地,
resident,20.49569966666666,193.7711929834868,居住用地,Other
unknown,19.394966333333336,87.8524443160725,,
resident,44.952233000000014,58.44539392894671,居住用地,
resident,23.84016633333333,86.48195330168856,居住用地,
resident,15.626766333333338,264.4640916177888,居住用地,
resident,21.63356633333333,43.679381491717066,居住用地,
resident,16.407032999999995,103.82604535431226,居住用地,
resident,22.816299666666676,272.7818997973238,居住用地,
resident,19.478499666666664,52.75819736702003,居住用地,
resident,18.578233,147.90906842034764,居住用地,
unknown,16.790232999999994,26.355722118417642,,Other
resident,19.174966333333334,265.1869014451308,居住用地,
resident,15.458766333333337,80.81985150236008,居住用地,Other
resident,26.385432999999992,41.02895613194706,居住用地,Other
resident,38.593433,191.25730513065378,居住用地,Other
resident,14.347966333333334,308.63740130005544,居住用地,Other
resident,13.79949966666666,270.5474243003135,居住用地,Other
resident,19.718899666666655,215.26738842098987,居住用地,Other
resident,15.35469966666666,223.67292830160335,居住用地,Other
resident,19.158099666666658,213.4323545804653,居住用地,Other
resident,16.48309966666666,159.31455003467212,居住用地,Other
developer,26.36229966666667,1724.865468867474,商业服务用地,Other
resident,17.332433,104.89844979011754,居住用地,Residence
resident,16.335433000000002,57.66773686000815,居住用地,Residence
resident,16.32369966666666,29.55845960622753,居住用地,
resident,20.382099666666655,28.702223156117228,居住用地,
resident,15.108766333333344,423.5393660013318,居住用地,Residence
resident,15.90216633333333,73.8948686464068,居住用地,Residence
resident,21.895633000000007,46.849739141800804,居住用地,
resident,17.780432999999995,602.3845306300691,居住用地,Residence
resident,13.246033000000002,109.1265601918246,居住用地,
developer,19.330899666666667,230.61690453494703,商业服务用地,Other
developer,16.355633,166.63319922767297,商业服务用地,Residence
developer,30.281833000000027,21.619770262107828,商业服务用地,Other
developer,28.25736633333334,220.65398247691576,商业服务用地,Other
developer,25.765633000000005,32.94520559757266,商业服务用地,
developer,14.25856633333333,240.17289179805863,商业服务用地,
developer,18.377366333333335,138.4451939871319,商业服务用地,Other
developer,23.81036633333333,101.83077965593898,商业服务用地,
developer,20.17076633333334,101.90674532083449,商业服务用地,Other
developer,31.654833000000018,30.534054946089494,商业服务用地,Other
developer,16.691299666666676,296.1265390832997,商业服务用地,
developer,29.27523300000001,19.767184863825342,商业服务用地,
developer,26.504233,522.7337123476535,商业服务用地,Residence
developer,29.572566333333327,52.712609365695045,商业服务用地,Residence
developer,23.648499666666662,76.87245494752878,商业服务用地,
developer,22.324366333333323,156.50220765329303,商业服务用地,
developer,19.547033,339.0407127308218,商业服务用地,
developer,20.743433,204.47329577454306,商业服务用地,Business
developer,26.74469966666668,466.1569831682573,商业服务用地,
developer,36.22156633333333,78.46204912238618,商业服务用地,Business
developer,15.474899666666667,124.84312871456073,商业服务用地,Other
developer,19.920499666666668,152.823175804041,商业服务用地,Other
developer,25.02956633333332,284.00526660541675,商业服务用地,
developer,24.081232999999987,387.8917944268643,商业服务用地,
developer,19.033832999999998,159.88130565292596,商业服务用地,Business
developer,34.66029966666668,24.78988857889405,商业服务用地,Business
developer,22.22816633333334,369.67541860396676,商业服务用地,
developer,29.869566333333328,247.59969112889823,商业服务用地,
developer,23.345633,104.0507588035837,商业服务用地,
developer,32.93076633333333,75.49844671692864,商业服务用地,
resident,30.04463300000001,87.85351176380696,,Other
resident,20.985966333333334,87.8535387786637,,Residence
developer,21.015632999999998,665.1633991307284,商业服务用地,Other
resident,18.085033000000003,98.8352537559914,,Residence
resident,15.936233000000009,249.15500334624943,居住用地,Residence
resident,15.278699666666672,123.20922477927604,居住用地,
developer,12.920432999999996,166.8615130780317,商业服务用地,
unknown,16.81869966666667,229.3179601815221,,
resident,16.51516633333334,89.82911472151787,居住用地,Other
developer,31.42103300000001,32.768534352957474,商业服务用地,
developer,21.90256633333333,134.35176098672787,商业服务用地,
developer,12.384899666666666,112.98198923654678,商业服务用地,
developer,21.268433000000005,184.0209077683997,商业服务用地,Other
developer,30.82396633333332,380.30225962826034,商业服务用地,Other
developer,15.257766333333334,130.21990755087919,商业服务用地,
developer,17.018366333333333,42.567623406058615,商业服务用地,
developer,44.67296633333336,70.28330825651514,商业服务用地,
developer,19.07869966666666,227.61839865948116,商业服务用地,
developer,18.685632999999985,219.06048734296598,商业服务用地,
developer,17.87776633333333,37.95218592378649,商业服务用地,
developer,17.138766333333333,264.044312794443,商业服务用地,Business
developer,27.499099666666663,136.91342175880493,商业服务用地,Business
developer,31.648633,74.24979044218875,商业服务用地,Business
developer,34.525366333333324,42.09821683217974,商业服务用地,Business
developer,25.06269966666666,483.04079654070773,商业服务用地,Other
developer,21.016966333333325,414.53984342534096,商业服务用地,
developer,23.817633,455.5849868822243,商业服务用地,
developer,17.744233000000005,111.79484293284365,商业服务用地,
developer,34.73436633333335,23.785811122964706,商业服务用地,
developer,33.76563300000001,25.043731962715057,商业服务用地,
resident,17.019499666666658,29.650570885018183,居住用地,
developer,15.47616633333332,130.79856067282617,商业服务用地,
resident,13.407233,369.84066796763335,居住用地,
unknown,22.002033000000008,15.374390827129233,,
developer,14.268033000000008,145.70795165796665,商业服务用地,
resident,14.64196633333333,204.09748175169355,居住用地,Other
unknown,14.333566333333334,92.24636492219668,,
resident,14.984166333333338,94.74710582513279,居住用地,
developer,16.371232999999997,125.99178282115714,商业服务用地,Other
developer,13.906766333333335,119.60975141182323,商业服务用地,
developer,20.21023299999999,402.6621852629702,商业服务用地,
developer,20.537966333333323,35.14178885214328,商业服务用地,
developer,23.53743299999999,31.626684097050585,商业服务用地,
developer,21.118499666666665,414.52970780109905,商业服务用地,
developer,27.381633,17.777377307022466,商业服务用地,Business
developer,27.76016633333334,29.530067434769883,商业服务用地,Business
developer,21.721233000000005,36.54611711506038,商业服务用地,Other
developer,20.431766333333336,117.46445730133885,商业服务用地,Other
developer,20.660499666666663,237.77741817480177,商业服务用地,Other
developer,17.060833000000002,231.98959715558416,商业服务用地,Business
developer,13.402032999999998,113.92826158451128,商业服务用地,
developer,15.330366333333329,49.892522452564194,商业服务用地,
developer,11.451566333333336,128.27034843260122,商业服务用地,
developer,11.675699666666667,62.83092610082357,商业服务用地,
developer,11.845099666666668,71.78403245164728,商业服务用地,
developer,13.828366333333337,232.72872992872317,商业服务用地,
developer,11.269766333333331,50.96814170027598,商业服务用地,
developer,18.22109966666667,45.01773616676802,商业服务用地,
developer,12.220299666666659,72.0926918357776,商业服务用地,
developer,12.327633,121.05792196852732,商业服务用地,
resident,24.34103300000001,41.21855605572972,居住用地,
resident,26.340499666666663,39.533275393705416,居住用地,
resident,15.52396633333333,153.47270869962404,居住用地,
resident,30.168099666666663,138.36663977010474,居住用地,
resident,16.686032999999995,32.94441155088037,居住用地,
resident,14.508566333333327,25.043675476522996,居住用地,Other
resident,12.632899666666669,30.018535339495436,居住用地,Other
resident,15.954233000000006,79.56056130528563,居住用地,Other
resident,24.14189966666667,20.839548036841258,居住用地,
resident,15.442032999999997,82.87843836152523,居住用地,Other
resident,22.193299666666675,87.17689380254228,居住用地,
resident,16.52123299999999,589.655943120612,居住用地,
resident,16.516299666666676,301.3022641004836,居住用地,Other
resident,14.246966333333333,423.99763567476236,居住用地,
resident,12.154432999999996,124.65293522529052,居住用地,
resident,12.139566333333335,123.56449688705192,居住用地,
resident,11.662299666666666,90.52872455221234,居住用地,
resident,17.007833,56.98395138249378,居住用地,
resident,16.922566333333336,25.553498735658977,居住用地,
resident,19.25549966666667,21.963090402973297,居住用地,
resident,13.346966333333333,129.91396789196054,居住用地,
resident,19.588232999999995,15.915808602061686,居住用地,
resident,17.080366333333323,616.1701724008879,居住用地,
resident,17.86349966666667,951.1234649111001,居住用地,
resident,14.073299666666664,245.46087473527163,居住用地,
resident,28.21883300000001,17.570396536627612,居住用地,
resident,18.136632999999996,65.06873261167249,居住用地,Other
resident,18.176033,958.7003385694417,居住用地,
resident,13.30289966666667,52.71132513492938,居住用地,
developer,13.648499666666666,102.1967730365298,商务办公用地,
resident,15.89709966666666,299.6828211497136,居住用地,Other
resident,22.213299666666703,94.86687446036899,居住用地,
resident,16.570566333333332,246.74701620037803,居住用地,
resident,18.631766333333342,43.50715440451668,居住用地,
resident,18.162899666666664,82.57965679792245,居住用地,
resident,16.912032999999994,72.47828887161887,,
resident,17.183966333333334,48.953903910561436,,
developer,15.71089966666667,999.3913401151071,商务办公用地,
developer,18.190632999999995,1216.7460182314433,商务办公用地,
developer,18.09009966666666,31.135353467208418,商务办公用地,
resident,15.25629966666666,85.85232967941134,居住用地,
unknown,20.04849966666668,62.78824878677553,,
resident,12.943633000000002,77.49933935388438,居住用地,
resident,18.19343300000001,169.50516726670887,居住用地,Other
resident,19.158033,51.794392501903666,居住用地,
developer,36.178099666666654,44.55790971221783,商务办公用地,
developer,26.353166333333327,68.50944889208587,商务办公用地,
developer,15.092766333333335,272.0722440122046,商务办公用地,
developer,26.583766333333337,168.9650645611714,商务办公用地,
developer,14.25556633333333,314.3347609292365,商务办公用地,
developer,14.103633000000007,62.49104558716373,商务办公用地,Other
developer,15.55409966666667,45.90292880265879,商务办公用地,
developer,17.393366333333336,94.87869291748707,商务办公用地,
developer,19.983899666666662,131.79420274279022,商务办公用地,
developer,49.19103300000001,927.9084522912477,商务办公用地,
developer,20.85663300000001,88.48841082202638,商务办公用地,Residence
developer,19.96976633333333,64.35198377483113,商务办公用地,
developer,15.493766333333337,94.02195363905193,商务办公用地,Residence
developer,17.583966333333333,164.7372566753648,商务办公用地,
unknown,13.831699666666674,174.015341643346,,Other
unknown,13.831699666666674,174.015341643346,,Other
resident,20.907633,21.9632866365059,居住用地,
unknown,17.00363300000001,17.570606331487397,,
resident,16.59836633333334,22.974726238381244,居住用地,
resident,18.083833,306.0504521629655,居住用地,
resident,16.58896633333334,88.94777068534549,居住用地,Other
resident,14.890032999999995,165.38958036722096,居住用地,
resident,19.81603300000001,38.58078305616735,居住用地,
resident,18.522632999999995,48.008783910667965,居住用地,
resident,12.306366333333331,118.16462544506554,居住用地,
resident,13.068833000000003,118.50787067972603,居住用地,
resident,13.412233000000002,162.95225199327456,居住用地,
resident,14.348299666666668,162.78916772872762,居住用地,
resident,13.695433,768.5040082996221,居住用地,Other
resident,13.406833000000004,149.51426476376906,居住用地,
resident,13.860699666666669,477.7363534436543,居住用地,
resident,12.92316633333334,278.817609614792,居住用地,
resident,14.313632999999996,571.8958657042543,居住用地,
resident,11.980899666666668,198.24563632787164,居住用地,Business
unknown,17.325833000000003,122.31643813682493,,
resident,20.705166333333327,59.30068425515329,居住用地,Residence
resident,15.08789966666667,454.00970921413256,居住用地,Other
resident,15.331899666666665,421.6504272649335,居住用地,
resident,18.517633,52.711740228845514,居住用地,Other
resident,14.378032999999999,399.02901639735086,居住用地,
resident,27.83429966666667,494.5762655124985,居住用地,Other
resident,32.15063299999999,452.9115566966879,居住用地,
resident,31.913166333333333,429.4869851719955,居住用地,Business
resident,22.631966333333335,35.14115968229278,居住用地,
resident,14.633632999999996,92.16213873307777,居住用地,
resident,13.655099666666668,146.72256656054563,居住用地,
resident,16.045166333333327,233.18758767049167,居住用地,
resident,14.489232999999997,385.2939359813357,居住用地,
resident,13.190832999999998,148.0937796618737,居住用地,Business
resident,12.231832999999998,367.2795781566023,居住用地,Business
resident,14.379833000000005,285.9129745014707,居住用地,Business
resident,11.914166333333323,92.63923171964494,居住用地,Business
resident,12.002899666666671,288.74488599883483,居住用地,Business
resident,15.089566333333334,755.9386255071305,居住用地,
developer,36.43683299999997,24.615457645608025,商务办公用地,
developer,14.209899666666663,139.65414919649368,商务办公用地,
developer,58.87083300000003,511.44452210245555,商务办公用地,
developer,50.663566333333335,15.765462049467473,商务办公用地,
developer,72.22429966666667,32.20867745951929,商务办公用地,
developer,65.27289966666663,64.02738378892403,商务办公用地,
developer,63.6800996666667,138.83212433512426,商务办公用地,
developer,66.422833,43.25945482348658,商务办公用地,
developer,75.14196633333322,287.4192892594674,商务办公用地,Residence
developer,61.49663300000003,184.8243275444946,商务办公用地,Residence
resident,11.729566333333336,146.98013845196488,居住用地,Other
resident,17.672299666666653,466.38797154103236,居住用地,
resident,13.660833000000004,41.33211176603736,居住用地,
resident,37.45663300000001,104.08115327766141,居住用地,
state,40.60343300000002,56.2863830287327,公园与绿地用地,
state,11.913233,99.82621585565063,公园与绿地用地,
developer,71.98129966666664,281.20704410332314,商务办公用地,Residence
developer,64.89509966666671,580.6944069126888,商务办公用地,Residence
resident,21.618899666666664,339.54036680782195,居住用地,Business
resident,18.59123299999999,592.9543908228724,居住用地,
resident,8.780766333333334,90.90649607707414,居住用地,
resident,13.12289966666667,202.50361728111443,居住用地,Other
resident,14.896299666666666,112.76001059987665,居住用地,
unknown,22.538366333333336,40.962635993573514,,
unknown,13.847832999999989,52.712246061632925,,
resident,21.96396633333334,394.2038993516101,居住用地,Residence
resident,21.624966333333337,26.356109929885022,居住用地,
resident,12.216033,153.5969177609908,居住用地,Public service
state,19.66896633333333,48.45193686759628,,Public service
state,17.629899666666663,48.144239080930205,,Public service
state,20.505299666666666,320.6960186453973,公园与绿地用地,
developer,14.775166333333328,31.702352020461202,商业服务用地,
developer,19.994299666666663,18.069120501276362,商业服务用地,
developer,26.89376633333333,528.1315504318043,商业服务用地,Business
developer,33.18249966666663,46.82311118367396,商业服务用地,Business
developer,31.815766333333396,102.4099999588728,商业服务用地,Business
developer,37.43643300000007,43.7062455295339,商业服务用地,Business
developer,34.345566333333416,70.40345137891111,商业服务用地,Business
developer,32.81449966666674,77.85936357757015,商业服务用地,Business
developer,26.877633000000003,51.58668923031611,商业服务用地,
developer,32.557299666666715,51.513396418541625,商业服务用地,Business
developer,27.775233,114.70835601991335,商业服务用地,Business
developer,40.78683300000001,39.5345697038454,商业服务用地,Business
developer,35.45769966666665,550.713774333233,商业服务用地,Business
developer,25.40076633333333,1031.1927360905922,商业服务用地,Business
developer,36.162966333333316,55.12587176093591,商业服务用地,
developer,29.544099666666664,92.98220002279011,商业服务用地,Business
developer,43.45989966666667,1382.6121514455535,商业服务用地,Business
developer,44.28589966666667,2528.017434000557,商业服务用地,Business
developer,38.741033,52.71256446413497,商业服务用地,Business
developer,48.00749966666668,250.38506714150185,商业服务用地,Business
developer,33.26543300000008,137.146604893165,商业服务用地,Business
developer,21.837566333333324,70.85445822774138,商业服务用地,
developer,35.80456633333341,1018.2903725934424,商业服务用地,Business
developer,32.666633000000054,209.43690510496273,商业服务用地,Business
unknown,29.831566333333353,208.0008490189585,,
developer,23.86236633333334,79.381030242208,商业服务用地,Business
developer,27.724432999999998,66.38225369839594,商业服务用地,
developer,21.72756633333333,520.3208036222314,商业服务用地,
developer,44.71076633333334,718.9458741324788,商业服务用地,
developer,52.45323300000001,21.963566286404607,商业服务用地,Business
state,17.186966333333338,378.6076036709784,公园与绿地用地,
state,11.292366333333316,147.47584244358805,公园与绿地用地,
state,8.65256633333333,32.11823656010316,公园与绿地用地,
developer,40.09723299999999,184.49406790077143,商业服务用地,Business
developer,35.57503300000002,2103.989366367214,商业服务用地,Business
developer,26.718033,176.80702386692354,商业服务用地,Business
state,11.921632999999998,65.9635218271123,公园与绿地用地,
developer,18.434099666666672,522.1332109726776,商业服务用地,Business
developer,23.99356633333337,509.75457839528394,商业服务用地,Business
resident,14.175299666666668,125.10481600343697,居住用地,Residence
resident,10.896233,352.49899823810347,居住用地,Residence
resident,14.884366333333332,19.744228242143024,居住用地,Residence
resident,15.946899666666669,104.90724682760606,居住用地,
unknown,9.346232999999994,81.93527775408458,,
resident,17.678632999999994,304.06602855484243,居住用地,
resident,12.112632999999995,49.7746221513448,居住用地,
resident,17.056233,184.1711515809988,居住用地,
resident,18.434699666666663,20.597136243704778,居住用地,
resident,15.187566333333328,50.04426271955096,居住用地,
developer,9.326899666666668,85.26489518365089,商业服务用地,
developer,20.239099666666668,59.213077268242245,商业服务用地,
developer,10.184232999999997,84.10876299245547,商业服务用地,
developer,17.049433,17.57099821329857,商业服务用地,
developer,12.054899666666662,72.91058079556706,商业服务用地,Residence
developer,24.28909966666668,31.59279764331044,商业服务用地,
developer,15.120032999999996,82.14892220319294,商业服务用地,
developer,15.817232999999996,564.9451699043494,商业服务用地,Residence
developer,18.073033,607.5378992642677,商业服务用地,Other
developer,13.045032999999997,185.8767381132401,商业服务用地,Residence
developer,23.054899666666667,42.974722618785385,商业服务用地,
developer,14.585766333333334,52.71284929797924,商业服务用地,
developer,21.087033000000005,15.374634421195761,商业服务用地,
developer,17.241566333333335,26.35649133100864,商业服务用地,
developer,15.034832999999995,35.15208737183102,商业服务用地,
developer,20.465899666666665,15.190177288864621,商业服务用地,
developer,16.194166333333335,352.25523092461634,商业服务用地,
developer,14.09629966666667,69.06076201593173,商业服务用地,
developer,16.54856633333334,169.4566683362381,商业服务用地,Residence
developer,15.991233,84.69980320422974,商业服务用地,Residence
developer,29.80323300000001,33.51905771230092,商业服务用地,
developer,33.650433000000014,88.74477891237538,商业服务用地,Business
developer,28.28609966666666,150.4973813142525,商业服务用地,Other
developer,23.789833,1108.1862012886418,商业服务用地,
developer,19.254833000000005,134.45166709749697,商业服务用地,Business
developer,16.19609966666666,118.60318733200444,商业服务用地,Residence
developer,33.08656633333334,98.2403947652608,商业服务用地,
developer,26.599499666666663,512.7132562451485,商业服务用地,Business
developer,22.56969966666665,143.09066999089939,商业服务用地,Residence
developer,29.083433,82.03800267767915,商业服务用地,
resident,13.77156633333333,62.44611765712207,居住用地,
resident,11.752232999999997,46.92932708609858,居住用地,
resident,16.022432999999996,184.63996017611612,居住用地,
resident,19.329233,59.03822469319146,居住用地,
resident,14.204366333333331,25.82816664328569,居住用地,
resident,16.884899666666666,31.0759808021319,居住用地,
developer,20.24909966666668,80.07784669316347,商业服务用地,
resident,15.472299666666656,38.005256497857104,居住用地,
resident,10.800033000000012,686.945955122533,居住用地,
resident,8.475566333333331,115.92889784431651,居住用地,
developer,13.406432999999998,91.65785330989813,商业服务用地,
developer,18.703566333333335,94.97856875065676,商业服务用地,
developer,16.850232999999992,243.5479677054329,商业服务用地,
developer,30.043033000000005,2018.1547583521494,商业服务用地,
developer,10.882966333333332,87.47782454759385,商业服务用地,
developer,9.29729966666667,854.1298296446676,商业服务用地,Residence
developer,22.820566333333343,36.16741233653809,商业服务用地,
developer,18.938899666666675,59.15896212316881,商业服务用地,
developer,11.704566333333336,360.4042473363991,商业服务用地,
developer,21.743233,28.1444448041733,商业服务用地,
developer,20.716833,94.16479898717138,商业服务用地,
developer,15.998099666666667,166.56158963363217,商业服务用地,
developer,17.04763300000001,166.54977895522256,商业服务用地,
developer,26.288433,46.12397562548627,商业服务用地,
developer,20.322633000000003,28.552904970563134,商业服务用地,Residence
unknown,18.876966333333343,298.8466142934637,,
unknown,18.876966333333343,298.8466142934637,,
developer,25.19056633333334,36.24020154237778,商业服务用地,Business
developer,32.28916633333333,69.74009637131068,商业服务用地,
unknown,19.045566333333323,32.94552171904483,,
developer,32.938233000000004,18.36882838113325,商业服务用地,
developer,33.57123300000001,28.489617408648876,商业服务用地,
developer,29.039033000000003,41.89736910285508,商业服务用地,Other
developer,30.74256633333334,22.00712463884264,商业服务用地,Other
developer,22.794633,153.65019407735073,商业服务用地,
developer,41.84703300000002,66.71758769629012,商业服务用地,Other
developer,18.353366333333334,234.3854454788909,商业服务用地,
developer,24.25816633333333,99.79857015712585,商业服务用地,Other
developer,20.524966333333325,154.1430967678319,商业服务用地,
developer,18.40449966666666,315.69538489414776,商业服务用地,Other
developer,21.98776633333334,82.91719370963973,商业服务用地,Other
developer,20.145833,233.0684009468907,商业服务用地,Other
developer,32.68516633333331,25.513496621913404,商业服务用地,
developer,17.307233,361.92199041307,商业服务用地,
developer,28.36723299999999,51.26484622027676,商业服务用地,
developer,24.44509966666667,83.7999369870007,商业服务用地,
developer,19.416299666666664,67.21150057113144,商业服务用地,
developer,20.247232999999998,20.05495330455391,商业服务用地,Other
developer,24.03116633333334,48.44201370061985,商业服务用地,
developer,17.836633,23.21160431909899,商业服务用地,
resident,13.227566333333328,197.39065645710568,居住用地,
resident,10.034899666666671,41.78394789564393,居住用地,
resident,13.407566333333342,24.63159875724834,居住用地,
resident,9.231566333333333,47.9129219721719,居住用地,
resident,13.550899666666655,608.9469763409643,居住用地,
developer,23.550033000000003,474.4182800050595,商业服务用地,Business
resident,13.642232999999992,74.82700147913621,居住用地,
resident,12.89096633333333,247.39104397279021,居住用地,
resident,20.458566333333334,1669.8987187876257,居住用地,
developer,26.87596633333334,914.793217508687,商业服务用地,Business
resident,61.72889966666667,474.923663828657,居住用地,
developer,84.4300996666666,476.6711407579061,商务办公用地,
resident,67.51623299999997,574.4261229940352,居住用地,Residence
developer,78.13309966666668,1164.564238068963,商务办公用地,
resident,55.39423299999992,296.6454119060638,居住用地,Residence
resident,69.49156633333335,515.3352402988309,居住用地,Residence
developer,62.41683299999998,379.9566188852632,商务办公用地,Business
resident,70.65956633333336,549.2302540368771,居住用地,
resident,67.38156633333334,202.34333041525008,居住用地,Residence
resident,21.366633000000004,39.535956494257505,居住用地,
developer,72.09843299999996,41.30554584972329,商务办公用地,
developer,40.78843300000004,131.15584891665594,商务办公用地,Residence
developer,33.66569966666668,630.9589018745849,商务办公用地,Residence
developer,87.22709966666677,128.81585974497216,商务办公用地,Residence
developer,33.65729966666667,165.30371410707096,商务办公用地,Residence
developer,48.67696633333334,224.10915293399017,商务办公用地,
developer,23.17009966666668,122.94404720901889,商务办公用地,
developer,33.001566333333315,436.155193398635,商务办公用地,Residence
developer,74.96396633333326,221.3352922610304,商务办公用地,
developer,78.13816633333334,206.79529749387177,商务办公用地,Residence
resident,62.334232999999976,286.13585890206764,居住用地,Residence
resident,22.958433,166.24345191201925,居住用地,
resident,54.87263299999993,814.3018861817096,居住用地,Residence
resident,57.03643299999994,99.20640357945629,居住用地,
resident,60.2050330000001,28.41822879198642,居住用地,Residence
resident,58.45276633333332,44.34774851277032,居住用地,Residence
resident,64.16289966666669,666.9389779788481,居住用地,Residence
resident,27.230099666666632,434.58093186514265,居住用地,Residence
resident,34.455166333333345,286.8713550997085,居住用地,
resident,48.15036633333335,96.42295291899724,居住用地,
developer,66.95843299999996,625.7110962120548,商务办公用地,Residence
developer,74.36203300000001,214.01563640488467,商务办公用地,Residence
developer,91.39476633333344,531.5285165732428,商务办公用地,Residence
developer,28.574233,873.4724738769237,商务办公用地,
resident,77.01623299999997,349.7328935762177,居住用地,Residence
resident,40.76429966666668,28.92038450190746,居住用地,
resident,60.65543300000009,44.65517409885548,居住用地,Residence
resident,66.63223299999999,216.29887887631813,居住用地,Residence
developer,22.142166333333343,283.41980127368737,商务办公用地,
resident,71.69223299999999,107.75060938148715,居住用地,
resident,49.298899666666685,51.35381738377608,居住用地,
resident,30.49489966666666,240.99986294146277,居住用地,
resident,80.77756633333335,393.1636245420965,居住用地,
resident,61.44289966666664,401.3432469258885,居住用地,Residence
resident,47.17489966666667,574.2406450704058,居住用地,
resident,65.51456633333333,40.64073166835011,居住用地,Residence
resident,76.34856633333338,341.63390166931856,居住用地,
resident,68.09376633333333,154.4333537098298,,Residence
unknown,46.05716633333331,351.416662048107,,
resident,21.89736633333335,31.82898334382636,居住用地,
state,13.906899666666662,526.7206645231474,行政办公用地,
state,13.484966333333329,381.2523074005247,行政办公用地,
state,14.942699666666664,206.4100012600829,行政办公用地,
state,15.623566333333322,88.98242320472771,行政办公用地,
resident,11.148899666666663,33.83008675675827,居住用地,
resident,11.248899666666667,33.60834645938058,居住用地,
state,10.112899666666667,120.47863955107701,行政办公用地,Residence
state,25.12249966666666,329.81189081974406,行政办公用地,
resident,19.43776633333334,15.547442970955272,居住用地,
resident,19.487499666666665,371.56083673466685,居住用地,
resident,97.2070330000002,358.6710818868227,居住用地,Residence
resident,88.3578996666668,241.2849155243361,居住用地,Residence
resident,94.79983300000015,22.49608296972542,居住用地,
resident,94.91036633333347,254.20536865888585,居住用地,
resident,77.32736633333349,262.34322776359306,居住用地,Residence
resident,89.54443300000014,22.19595731158627,居住用地,Residence
resident,67.8469663333334,101.28638758330423,居住用地,Residence
resident,101.11483300000015,59.629809797320036,居住用地,Residence
resident,82.85823300000011,171.42407299035682,居住用地,
resident,15.80009966666666,582.6102715058107,居住用地,
state,10.556366333333337,685.4374456201299,行政办公用地,
state,17.140033000000003,285.5940191130747,行政办公用地,
state,23.472833,103.77278755107982,行政办公用地,
state,12.685566333333323,99.82674502700884,行政办公用地,
state,13.423099666666664,192.01157570885925,行政办公用地,Residence
state,20.75476633333333,738.3713870650158,行政办公用地,
state,23.03289966666665,393.27800668613435,行政办公用地,
state,28.232633000000003,101.61494520751762,行政办公用地,
state,25.860166333333343,156.87046411040726,行政办公用地,
resident,86.37636633333337,433.7947346048036,居住用地,
resident,65.34509966666668,54.91088701447745,居住用地,
resident,40.5125663333334,299.25996209806186,居住用地,
resident,77.55356633333338,42.68320879581812,居住用地,Residence
resident,97.91876633333348,127.28056152844823,居住用地,
resident,68.64409966666666,310.7013578026977,居住用地,Residence
resident,98.0954996666668,54.74642487506642,居住用地,Residence
resident,94.73916633333351,344.0891860236084,居住用地,Residence
resident,100.53183299999985,56.51588960466023,居住用地,
resident,71.435433,46.222637516397334,居住用地,
resident,39.84216633333334,210.85691404680753,居住用地,
resident,25.975099666666665,122.46683447078385,居住用地,
resident,18.41236633333333,102.65719172546423,居住用地,Residence
state,23.96176633333333,449.31402857591024,行政办公用地,Residence
state,29.014699666666665,290.872218390197,行政办公用地,
state,18.435299666666662,755.8437768297267,公园与绿地用地,Business
state,17.815633000000002,229.40744859011073,行政办公用地,
resident,43.31189966666667,103.33141114461226,居住用地,Residence
state,25.69129966666665,557.0920025832892,行政办公用地,Residence
state,31.89849966666669,153.37868098609985,行政办公用地,
developer,18.357166333333343,177.85883870548975,商务办公用地,
state,21.10856633333334,281.77632130297286,行政办公用地,Residence
state,17.967499666666658,172.26788476750627,行政办公用地,Residence
developer,79.8728996666666,873.1075877034772,商务办公用地,Business
developer,76.01823299999985,145.68354937042685,商务办公用地,Business
developer,75.94749966666663,117.20724689420283,商务办公用地,
developer,31.881432999999987,288.23716353687695,商业服务用地,Business
developer,25.470233,51.52875405251628,商业服务用地,
developer,27.24576633333333,352.9091551141668,商业服务用地,Business
developer,25.474499666666663,17.472115592116296,商业服务用地,
developer,24.326232999999988,88.78247211923093,商业服务用地,Business
developer,21.658099666666658,61.495580275293825,商业服务用地,
developer,29.179366333333338,25.496069800073325,商业服务用地,Business
developer,19.94683300000001,88.25222234088514,商业服务用地,Business
developer,32.464166333333345,468.9270702214601,商业服务用地,Business
developer,46.29483300000002,21.286513591215908,商业服务用地,Business
developer,20.73536633333333,177.90681996036852,商业服务用地,Business
developer,36.40443300000001,42.82439420605268,商业服务用地,Business
developer,28.601433000000007,201.4124972264376,商业服务用地,
developer,47.36609966666665,64.92752905274001,商业服务用地,Business
developer,24.81209966666666,28.62342540526395,商业服务用地,Business
developer,14.391566333333332,40.21302248526277,商业服务用地,Business
developer,27.829499666666667,19.45939815620721,商业服务用地,Business
developer,25.374833,46.26151319896528,商业服务用地,Business
developer,47.311099666666664,21.402784263892006,商业服务用地,Business
developer,41.78549966666666,24.692228503196084,商业服务用地,Business
developer,19.629499666666682,139.5607501803809,商业服务用地,
developer,16.454633000000005,682.9007053852237,商业服务用地,Business
developer,33.751299666666675,1083.9091219382633,商业服务用地,Business
developer,21.518833,374.03190010614946,商业服务用地,
developer,21.191032999999997,231.59363486111684,商业服务用地,
unknown,30.45989966666667,45.714163847648074,,
unknown,40.72029966666668,70.2841096174286,,
state,22.409033000000036,132.3556429845927,公园与绿地用地,Business
state,23.609033,1036.6914148807753,公园与绿地用地,Business
state,24.010433000000035,988.3196968919833,公园与绿地用地,Business
resident,16.80129966666667,817.0158714505376,居住用地,
unknown,14.541232999999997,83.41647502962307,,
resident,20.11196633333333,1027.1239684737102,居住用地,Residence
resident,21.060632999999992,518.4447377183201,居住用地,Residence
developer,17.017232999999994,429.49682409040537,商业服务用地,
resident,24.521033,167.16579607946807,居住用地,Residence
unknown,26.30996633333332,105.42635730227991,,
state,34.64369966666667,281.13870510414114,公园与绿地用地,
state,31.43056633333333,52.71316894828486,公园与绿地用地,Business
state,34.45589966666668,2936.584950594729,公园与绿地用地,Business
state,29.399033000000006,1888.9051683287776,公园与绿地用地,Business
state,8.942899666666664,57.85642640983558,公园与绿地用地,
state,40.21716633333333,52.71292259294693,公园与绿地用地,
developer,27.44269966666664,163.32047349990674,商务办公用地,
state,14.220033000000004,648.669915818239,公园与绿地用地,Business
state,20.848366333333328,2506.076266672821,公园与绿地用地,Business
